﻿<?xml version="1.0" encoding="utf-8"?>
<namespace name="ORFn">
  <const name="U" type="Char">
    <value>
      $5E
    </value>
  </const>
  <const name="CRLF" type="string">
    <value>
      


    </value>
  </const>
  <variable name="BOOLCHAR" visibility="public" />
  <const name="UM_STATUSTEXT" type="Integer">
    <value>
      $52E
    </value>
  </const>
  <variable name="ScrollBarHeight" type="Integer" visibility="public" />
  <type name="TFMDateTime" type="Double" />
  <function name="DateTimeToFMDateTime" visibility="public">
    <parameters>
      <parameter name="ADateTime" type="TDateTime" />
      <retval type="Double" />
    </parameters>
  </function>
  <function name="FMDateTimeToDateTime" visibility="public">
    <parameters>
      <parameter name="ADateTime" type="Double" />
      <retval type="TDateTime" />
    </parameters>
  </function>
  <function name="FMDateTimeOffsetBy" visibility="public">
    <parameters>
      <parameter name="ADateTime" type="Double" />
      <parameter name="DaysDiff" type="Integer" />
      <retval type="Double" />
    </parameters>
  </function>
  <function name="FormatFMDateTime" visibility="public">
    <parameters>
      <parameter name="AFormat" type="string" />
      <parameter name="ADateTime" type="Double" />
      <retval type="string" />
    </parameters>
  </function>
  <function name="FormatFMDateTimeStr" visibility="public">
    <parameters>
      <parameter name="AFormat" type="string" paramflags="const" />
      <parameter name="ADateTime" type="string" paramflags="const" />
      <retval type="string" />
    </parameters>
  </function>
  <function name="IsFMDateTime" visibility="public">
    <parameters>
      <parameter name="x" type="string" />
      <retval type="Boolean" />
    </parameters>
  </function>
  <function name="MakeFMDateTime" visibility="public">
    <parameters>
      <parameter name="AString" type="string" paramflags="const" />
      <retval type="Double" />
    </parameters>
  </function>
  <procedure name="SetListFMDateTime" visibility="public">
    <parameters>
      <parameter name="AFormat" type="string" />
      <parameter name="AList" type="TStringList" />
      <parameter name="ADelim" type="Char" />
      <parameter name="PieceNum" type="Integer" />
      <parameter name="KeepBad" type="Boolean">
        <value>
          False
        </value>
      </parameter>
    </parameters>
  </procedure>
  <function name="HigherOf" visibility="public">
    <parameters>
      <parameter name="i" type="Integer" />
      <parameter name="j" type="Integer" />
      <retval type="Integer" />
    </parameters>
  </function>
  <function name="LowerOf" visibility="public">
    <parameters>
      <parameter name="i" type="Integer" />
      <parameter name="j" type="Integer" />
      <retval type="Integer" />
    </parameters>
  </function>
  <function name="StrToFloatDef" visibility="public">
    <parameters>
      <parameter name="S" type="string" paramflags="const" />
      <parameter name="ADefault" type="Extended" />
      <retval type="Extended" />
    </parameters>
  </function>
  <function name="CharAt" visibility="public">
    <parameters>
      <parameter name="x" type="string" paramflags="const" />
      <parameter name="APos" type="Integer" />
      <retval type="Char" />
    </parameters>
  </function>
  <function name="ContainsAlpha" visibility="public">
    <parameters>
      <parameter name="x" type="string" paramflags="const" />
      <retval type="Boolean" />
    </parameters>
  </function>
  <function name="ContainsVisibleChar" visibility="public">
    <parameters>
      <parameter name="x" type="string" paramflags="const" />
      <retval type="Boolean" />
    </parameters>
  </function>
  <function name="ConvertSpecialStrings" visibility="public">
    <parameters>
      <parameter name="x" type="string" paramflags="const" />
      <retval type="string" />
    </parameters>
  </function>
  <function name="CRCForFile" visibility="public">
    <parameters>
      <parameter name="AFileName" type="string" />
      <retval type="Cardinal" />
    </parameters>
  </function>
  <function name="CRCForStrings" visibility="public">
    <parameters>
      <parameter name="AStringList" type="TStrings" />
      <retval type="Cardinal" />
    </parameters>
  </function>
  <function name="FilteredString" visibility="public">
    <parameters>
      <parameter name="x" type="string" paramflags="const" />
      <parameter name="ATabWidth" type="Integer">
        <value>
          $8
        </value>
      </parameter>
      <retval type="string" />
    </parameters>
  </function>
  <procedure name="ExpandTabsFilter" visibility="public">
    <parameters>
      <parameter name="AList" type="TStrings" />
      <parameter name="ATabWidth" type="Integer" />
    </parameters>
  </procedure>
  <function name="ExtractInteger" visibility="public">
    <parameters>
      <parameter name="x" type="string" />
      <retval type="Integer" />
    </parameters>
  </function>
  <function name="ExtractFloat" visibility="public">
    <parameters>
      <parameter name="x" type="string" />
      <retval type="Extended" />
    </parameters>
  </function>
  <function name="ExtractDefault" visibility="public">
    <parameters>
      <parameter name="Src" type="TStrings" />
      <parameter name="Section" type="string" paramflags="const" />
      <retval type="string" />
    </parameters>
  </function>
  <procedure name="ExtractItems" visibility="public">
    <parameters>
      <parameter name="Dest" type="TStrings" />
      <parameter name="Src" type="TStrings" />
      <parameter name="Section" type="string" paramflags="const" />
    </parameters>
  </procedure>
  <procedure name="ExtractText" visibility="public">
    <parameters>
      <parameter name="Dest" type="TStrings" />
      <parameter name="Src" type="TStrings" />
      <parameter name="Section" type="string" paramflags="const" />
    </parameters>
  </procedure>
  <procedure name="InvertStringList" visibility="public">
    <parameters>
      <parameter name="AList" type="TStringList" />
    </parameters>
  </procedure>
  <function name="MixedCase" visibility="public">
    <parameters>
      <parameter name="x" type="string" paramflags="const" />
      <retval type="string" />
    </parameters>
  </function>
  <procedure name="MixedCaseList" visibility="public">
    <parameters>
      <parameter name="AList" type="TStrings" />
    </parameters>
  </procedure>
  <procedure name="MixedCaseByPiece" visibility="public">
    <parameters>
      <parameter name="AList" type="TStrings" />
      <parameter name="ADelim" type="Char" />
      <parameter name="PieceNum" type="Integer" />
    </parameters>
  </procedure>
  <function name="Piece" visibility="public">
    <parameters>
      <parameter name="S" type="string" paramflags="const" />
      <parameter name="Delim" type="Char" />
      <parameter name="PieceNum" type="Integer" />
      <retval type="string" />
    </parameters>
  </function>
  <function name="Pieces" visibility="public">
    <parameters>
      <parameter name="S" type="string" paramflags="const" />
      <parameter name="Delim" type="Char" />
      <parameter name="FirstNum" type="Integer" />
      <parameter name="LastNum" type="Integer" />
      <retval type="string" />
    </parameters>
  </function>
  <function name="ComparePieces" visibility="public">
    <parameters>
      <parameter name="P1" type="string" />
      <parameter name="P2" type="string" />
      <parameter name="Pieces">
        <array name="Pieces">
          <element type="Integer" />
        </array>
      </parameter>
      <parameter name="Delim" type="Char">
        <value>
          $5E
        </value>
      </parameter>
      <parameter name="CaseInsensitive" type="Boolean">
        <value>
          False
        </value>
      </parameter>
      <retval type="Integer" />
    </parameters>
  </function>
  <procedure name="PiecesToList" visibility="public">
    <parameters>
      <parameter name="x" type="string" />
      <parameter name="ADelim" type="Char" />
      <parameter name="AList" type="TStrings" />
    </parameters>
  </procedure>
  <function name="ReverseStr" visibility="public">
    <parameters>
      <parameter name="x" type="string" paramflags="const" />
      <retval type="string" />
    </parameters>
  </function>
  <procedure name="SetPiece" visibility="public">
    <parameters>
      <parameter name="x" type="string" paramflags="var" />
      <parameter name="Delim" type="Char" />
      <parameter name="PieceNum" type="Integer" />
      <parameter name="NewPiece" type="string" paramflags="const" />
    </parameters>
  </procedure>
  <procedure name="SetPieces" visibility="public">
    <parameters>
      <parameter name="x" type="string" paramflags="var" />
      <parameter name="Delim" type="Char" />
      <parameter name="Pieces">
        <array name="Pieces">
          <element type="Integer" />
        </array>
      </parameter>
      <parameter name="FromString" type="string" />
    </parameters>
  </procedure>
  <procedure name="SortByPiece" visibility="public">
    <parameters>
      <parameter name="AList" type="TStringList" />
      <parameter name="ADelim" type="Char" />
      <parameter name="PieceNum" type="Integer" />
    </parameters>
  </procedure>
  <function name="DelimCount" visibility="public">
    <parameters>
      <parameter name="Str" type="string" paramflags="const" />
      <parameter name="Delim" type="string" paramflags="const" />
      <retval type="Integer" />
    </parameters>
  </function>
  <procedure name="QuickCopy" visibility="public">
    <parameters>
      <parameter name="AFrom" type="TObject" />
      <parameter name="ATo" type="TObject" />
    </parameters>
  </procedure>
  <procedure name="QuickAdd" visibility="public">
    <parameters>
      <parameter name="AFrom" type="TObject" />
      <parameter name="ATo" type="TObject" />
    </parameters>
  </procedure>
  <procedure name="FastAssign" visibility="public">
    <parameters>
      <parameter name="source" type="TStrings" />
      <parameter name="destination" type="TStrings" />
    </parameters>
  </procedure>
  <procedure name="FastAddStrings" visibility="public">
    <parameters>
      <parameter name="source" type="TStrings" />
      <parameter name="destination" type="TStrings" />
    </parameters>
  </procedure>
  <function name="ValidFileName" visibility="public">
    <parameters>
      <parameter name="InitialFileName" type="string" paramflags="const" />
      <retval type="string" />
    </parameters>
  </function>
  <procedure name="LimitStringLength" visibility="public">
    <parameters>
      <parameter name="AList" type="TStringList" paramflags="var" />
      <parameter name="MaxLength" type="Integer" />
    </parameters>
  </procedure>
  <function name="InfoBox" visibility="public">
    <parameters>
      <parameter name="Text" type="string" paramflags="const" />
      <parameter name="Caption" type="string" paramflags="const" />
      <parameter name="Flags" type="Word" />
      <retval type="Integer" />
    </parameters>
  </function>
  <procedure name="LimitEditWidth" visibility="public">
    <parameters>
      <parameter name="AControl" type="TWinControl" />
      <parameter name="NumChars" type="Integer" />
    </parameters>
  </procedure>
  <function name="BaseFont" visibility="public">
    <parameters>
      <retval type="TFont" />
    </parameters>
  </function>
  <function name="MainFont" visibility="public">
    <parameters>
      <retval type="TFont" />
    </parameters>
  </function>
  <function name="MainFontSize" visibility="public">
    <parameters>
      <retval type="Integer" />
    </parameters>
  </function>
  <function name="MainFontWidth" visibility="public">
    <parameters>
      <retval type="Integer" />
    </parameters>
  </function>
  <function name="MainFontHeight" visibility="public">
    <parameters>
      <retval type="Integer" />
    </parameters>
  </function>
  <procedure name="RedrawSuspend" visibility="public">
    <parameters>
      <parameter name="AHandle" type="HWND" />
    </parameters>
  </procedure>
  <procedure name="RedrawActivate" visibility="public">
    <parameters>
      <parameter name="AHandle" type="HWND" />
    </parameters>
  </procedure>
  <procedure name="ResetSelectedForList" visibility="public">
    <parameters>
      <parameter name="AListBox" type="TListBox" />
    </parameters>
  </procedure>
  <function name="ResizeWidth" visibility="public">
    <parameters>
      <parameter name="OldFont" type="TFont" />
      <parameter name="NewFont" type="TFont" />
      <parameter name="OldWidth" type="Integer" />
      <retval type="Integer" />
    </parameters>
  </function>
  <function name="ResizeHeight" visibility="public">
    <parameters>
      <parameter name="OldFont" type="TFont" />
      <parameter name="NewFont" type="TFont" />
      <parameter name="OldHeight" type="Integer" />
      <retval type="Integer" />
    </parameters>
  </function>
  <procedure name="ResizeToFont" visibility="public">
    <parameters>
      <parameter name="FontSize" type="Integer" />
      <parameter name="W" type="Integer" paramflags="var" />
      <parameter name="H" type="Integer" paramflags="var" />
    </parameters>
  </procedure>
  <procedure name="ForceInsideWorkArea" visibility="public">
    <parameters>
      <parameter name="Rect" type="TRect" paramflags="var" />
    </parameters>
  </procedure>
  <procedure name="ResizeFormToFont" visibility="public">
    <parameters>
      <parameter name="AForm" type="TForm" />
    </parameters>
  </procedure>
  <procedure name="ResizeAnchoredFormToFont" visibility="public">
    <parameters>
      <parameter name="AForm" type="TForm" />
    </parameters>
  </procedure>
  <procedure name="AdjustForWindowsXPStyleTitleBar" visibility="public">
    <parameters>
      <parameter name="AForm" type="TForm" />
    </parameters>
  </procedure>
  <procedure name="SetEqualTabStops" visibility="public">
    <parameters>
      <parameter name="AControl" type="TControl" />
      <parameter name="TabWidth" type="Integer">
        <value>
          $8
        </value>
      </parameter>
    </parameters>
  </procedure>
  <procedure name="StatusText" visibility="public">
    <parameters>
      <parameter name="S" type="string" paramflags="const" />
    </parameters>
  </procedure>
  <function name="ShowMsgOn" visibility="public">
    <parameters>
      <parameter name="AnExpression" type="Boolean" />
      <parameter name="AMsg" type="string" paramflags="const" />
      <parameter name="ACaption" type="string" paramflags="const" />
      <retval type="Boolean" />
    </parameters>
  </function>
  <function name="TextWidthByFont" visibility="public">
    <parameters>
      <parameter name="AFontHandle" type="Cardinal" />
      <parameter name="x" type="string" paramflags="const" />
      <retval type="Integer" />
    </parameters>
  </function>
  <function name="TextHeightByFont" visibility="public">
    <parameters>
      <parameter name="AFontHandle" type="Cardinal" />
      <parameter name="x" type="string" paramflags="const" />
      <retval type="Integer" />
    </parameters>
  </function>
  <function name="WrappedTextHeightByFont" visibility="public">
    <parameters>
      <parameter name="Canvas" type="TCanvas" />
      <parameter name="NewFont" type="TFont" />
      <parameter name="ItemText" type="string" />
      <parameter name="ARect" type="TRect" paramflags="var" />
      <retval type="Integer" />
    </parameters>
  </function>
  <function name="NumCharsFitInWidth" visibility="public">
    <parameters>
      <parameter name="AFontHandle" type="Cardinal" />
      <parameter name="x" type="string" paramflags="const" />
      <parameter name="MaxLen" type="Integer" paramflags="const" />
      <retval type="Integer" />
    </parameters>
  </function>
  <function name="PopupComponent" visibility="public">
    <parameters>
      <parameter name="Sender" type="TObject" />
      <parameter name="PopupMenu" type="TPopupMenu" />
      <retval type="TComponent" />
    </parameters>
  </function>
  <procedure name="ReformatMemoParagraph" visibility="public">
    <parameters>
      <parameter name="AMemo" type="TCustomMemo" />
    </parameters>
  </procedure>
  <function name="BlackColorScheme" visibility="public">
    <parameters>
      <retval type="Boolean" />
    </parameters>
  </function>
  <function name="NormalColorScheme" visibility="public">
    <parameters>
      <retval type="Boolean" />
    </parameters>
  </function>
  <function name="Get508CompliantColor" visibility="public">
    <parameters>
      <parameter name="Color" type="TColor" />
      <retval type="TColor" />
    </parameters>
  </function>
  <procedure name="UpdateColorsFor508Compliance" visibility="public">
    <parameters>
      <parameter name="control" type="TControl" />
      <parameter name="InputEditControl" type="Boolean">
        <value>
          False
        </value>
      </parameter>
    </parameters>
  </procedure>
  <procedure name="UpdateReadOnlyColorScheme" visibility="public">
    <parameters>
      <parameter name="Control" type="TControl" />
      <parameter name="ReadOnly" type="Boolean" />
    </parameters>
  </procedure>
  <procedure name="ListGridDrawCell" visibility="public">
    <parameters>
      <parameter name="AListBox" type="TListBox" />
      <parameter name="AHeader" type="THeaderControl" />
      <parameter name="ARow" type="Integer" />
      <parameter name="AColumn" type="Integer" />
      <parameter name="x" type="string" paramflags="const" />
      <parameter name="WordWrap" type="Boolean" />
    </parameters>
  </procedure>
  <procedure name="ListGridDrawLines" visibility="public">
    <parameters>
      <parameter name="AListBox" type="TListBox" />
      <parameter name="AHeader" type="THeaderControl" />
      <parameter name="Index" type="Integer" />
      <parameter name="State" type="TOwnerDrawState" />
    </parameters>
  </procedure>
  <function name="ListGridRowHeight" visibility="public">
    <parameters>
      <parameter name="AListBox" type="TListBox" />
      <parameter name="AHeader" type="THeaderControl" />
      <parameter name="ARow" type="Integer" />
      <parameter name="AColumn" type="Integer" />
      <parameter name="x" type="string" paramflags="const" />
      <retval type="Integer" />
    </parameters>
  </function>
  <procedure name="KillObj" visibility="public">
    <parameters>
      <parameter name="ptr" type="Pointer" />
      <parameter name="KillObjects" type="Boolean">
        <value>
          False
        </value>
      </parameter>
    </parameters>
  </procedure>
  <procedure name="CallWhenIdle" visibility="public">
    <parameters>
      <parameter name="CallProc" type="TORIdleCallProc" />
      <parameter name="Msg" type="string" />
    </parameters>
  </procedure>
  <procedure name="CallWhenIdleNotifyWhenDone" visibility="public">
    <parameters>
      <parameter name="CallProc" type="TORIdleCallProc" />
      <parameter name="DoneProc" type="TORIdleCallProc" />
      <parameter name="Msg" type="string" />
    </parameters>
  </procedure>
  <procedure name="menuHideAllBut" visibility="public">
    <parameters>
      <parameter name="aMenuItem" type="TMenuItem" />
      <parameter name="butItems">
        <array name="butItems">
          <element type="TMenuItem" />
        </array>
      </parameter>
    </parameters>
  </procedure>
  <function name="TabIsPressed" visibility="public">
    <parameters>
      <retval type="Boolean" />
    </parameters>
  </function>
  <function name="ShiftTabIsPressed" visibility="public">
    <parameters>
      <retval type="Boolean" />
    </parameters>
  </function>
  <function name="EnterIsPressed" visibility="public">
    <parameters>
      <retval type="Boolean" />
    </parameters>
  </function>
</namespace>
