﻿<?xml version="1.0" encoding="utf-8"?>
<namespace name="ORNet">
  <variable name="RPCBrokerV" type="TCCOWRPCBroker" />
  <variable name="RPCLastCall" type="string" />
  <variable name="AppStartedCursorForm" type="TForm" visibility="public" />
  <procedure name="EnsureBroker" visibility="public">
  </procedure>
  <function name="UpdateContext" visibility="public">
    <parameters>
      <parameter name="NewContext" type="string" />
      <retval type="Boolean" />
    </parameters>
  </function>
  <function name="IsBaseContext" visibility="public">
    <parameters>
      <retval type="Boolean" />
    </parameters>
  </function>
  <procedure name="CallBrokerInContext" visibility="public">
  </procedure>
  <procedure name="CallBroker" visibility="public">
  </procedure>
  <procedure name="SetBrokerServer" visibility="public">
    <parameters>
      <parameter name="AName" type="string" paramflags="const" />
      <parameter name="APort" type="Integer" />
      <parameter name="WantDebug" type="Boolean" />
    </parameters>
  </procedure>
  <function name="AuthorizedOption" visibility="public">
    <parameters>
      <parameter name="OptionName" type="string" paramflags="const" />
      <retval type="Boolean" />
    </parameters>
  </function>
  <function name="ConnectToServer" visibility="public">
    <parameters>
      <parameter name="OptionName" type="string" paramflags="const" />
      <retval type="Boolean" />
    </parameters>
  </function>
  <function name="MRef" visibility="public">
    <parameters>
      <parameter name="glvn" type="string" />
      <retval type="string" />
    </parameters>
  </function>
  <procedure name="CallV" visibility="public">
    <parameters>
      <parameter name="RPCName" type="string" paramflags="const" />
      <parameter name="AParam" paramflags="const">
        <array name="AParam">
          <element type="TVarRec" />
        </array>
      </parameter>
    </parameters>
  </procedure>
  <function name="sCallV" visibility="public">
    <parameters>
      <parameter name="RPCName" type="string" paramflags="const" />
      <parameter name="AParam" paramflags="const">
        <array name="AParam">
          <element type="TVarRec" />
        </array>
      </parameter>
      <retval type="string" />
    </parameters>
  </function>
  <procedure name="tCallV" visibility="public">
    <parameters>
      <parameter name="ReturnData" type="TStrings" />
      <parameter name="RPCName" type="string" paramflags="const" />
      <parameter name="AParam" paramflags="const">
        <array name="AParam">
          <element type="TVarRec" />
        </array>
      </parameter>
    </parameters>
  </procedure>
  <function name="RetainedRPCCount" visibility="public">
    <parameters>
      <retval type="Integer" />
    </parameters>
  </function>
  <procedure name="SetRetainedRPCMax" visibility="public">
    <parameters>
      <parameter name="Value" type="Integer" />
    </parameters>
  </procedure>
  <function name="GetRPCMax" visibility="public">
    <parameters>
      <retval type="Integer" />
    </parameters>
  </function>
  <procedure name="LoadRPCData" visibility="public">
    <parameters>
      <parameter name="Dest" type="TStrings" />
      <parameter name="ID" type="Integer" />
    </parameters>
  </procedure>
  <function name="DottedIPStr" visibility="public">
    <parameters>
      <retval type="string" />
    </parameters>
  </function>
  <procedure name="CallRPCWhenIdle" visibility="public">
    <parameters>
      <parameter name="CallProc" type="TORIdleCallProc" />
      <parameter name="Msg" type="string" />
    </parameters>
  </procedure>
</namespace>
