﻿<?xml version="1.0" encoding="utf-8" ?>
<log4net>
  <appender name="TraceAppender" type="log4net.Appender.TraceAppender">
    <layout type="log4net.Layout.PatternLayout">
      <conversionPattern value="%date %-5level - %message%newline" />
    </layout>
  </appender>
  <appender name="FileAppender" type="log4net.Appender.FileAppender">
    <file value="MagDexter Log.txt" />
    <appendToFile value="true" />
    <layout type="log4net.Layout.PatternLayout">
      <conversionPattern value="%date %-5level - %message%newline" />
    </layout>
  </appender>  <root>
    <level value="ALL" />
    <appender-ref ref="TraceAppender" />
    <appender-ref ref="FileAppender" />
  </root>
</log4net>
