<?xml version="1.0" encoding="UTF-8"?>
<beans xmlns="http://www.springframework.org/schema/beans" xmlns:xsi="http://www.w3.org/2001/XMLSchema-instance"
	   xmlns:aop="http://www.springframework.org/schema/aop"
       xmlns:context="http://www.springframework.org/schema/context"
       xmlns:mvc="http://www.springframework.org/schema/mvc" 
       xmlns:mongo="http://www.springframework.org/schema/data/mongo"
       xsi:schemaLocation="http://www.springframework.org/schema/beans http://www.springframework.org/schema/beans/spring-beans.xsd
       http://www.springframework.org/schema/context http://www.springframework.org/schema/context/spring-context-3.0.xsd
       http://www.springframework.org/schema/data/mongo http://www.springframework.org/schema/data/mongo/spring-mongo.xsd
       http://www.springframework.org/schema/mvc http://www.springframework.org/schema/mvc/spring-mvc-3.2.xsd 
       http://www.springframework.org/schema/aop http://www.springframework.org/schema/aop/spring-aop-3.0.xsd"
       default-lazy-init="false">

 
	<property-placeholder location="classpath:environment.properties"
		xmlns="http://www.springframework.org/schema/context" />

	<bean class="org.springframework.context.support.PropertySourcesPlaceholderConfigurer">
  		<property name="locations">
    		<list>
      			<value>classpath:environment.properties</value>
    		</list>
  		</property>
  		<property name="ignoreUnresolvablePlaceholders" value="true"/>
	</bean>
	
	
		
	<!-- Start Entries for Metrics capturing -->


	<aop:aspectj-autoproxy />
	<!-- Uncomment the metric aspect declaration to turn on the metrics capture --> 
		<bean id="rxrMetricAspect"
		class="gov.va.mobile.vamf.rxr.aspect.RxrResourceMetricsAspect" />

	<bean name="metricMessageConfiguration" class="com.agilex.vamf.metrics.MessageConfiguration">
		<constructor-arg name="host" value="${beanstalk.host}" />
		<constructor-arg name="port" value="${beanstalk.port}" />
		<constructor-arg name="enabled" type="boolean"
			value="${metrics.beanstalk.enabled}" />
		<constructor-arg name="queueName" value="${metrics.queue.name}" />
		<constructor-arg name="priority" value="${metrics.queue.priority}" />
		<constructor-arg name="delaySecond" value="${metrics.queue.delaySecond}" />
		<constructor-arg name="processExpirationSecond"
			value="${metrics.queue.processExpirationSecond}" />
		<constructor-arg name="maxRetries" value="${metrics.queue.maxRetries}" />
		<constructor-arg name="retryDelaySecond"
			value="${metrics.queue.retryDelaySecond}" />
		<constructor-arg name="replyTimeoutSecond"
			value="${metrics.queue.replyTimeoutSecond}" />
	</bean>

	<bean name="messagePublisher" class="com.agilex.vamf.metrics.MetricMessagePublisher">
		<constructor-arg ref="metricMessageConfiguration" />
	</bean>
	

	<!-- End Entries for Metrics capturing -->
	
	<!--  Start entries for AuthServices 44 migration -->
    <!-- Activates scanning of @Autowired -->
    <context:annotation-config/>

	
	<bean id="propertyConfigurer"
		class="org.springframework.beans.factory.config.PropertyOverrideConfigurer">
		<property name="locations">
			<list>
				<value>classpath*:oauth.properties
				</value>				
			</list>
		</property>
		<property name="ignoreResourceNotFound" value="true" />
	</bean>

	<bean id="oauthDetails" class="gov.va.mobile.vamf.common.domain.OAuth2ClientDetailsSecretIgnored" />
	
	<bean id="oauthController" class="gov.va.vamf.lib.oauth.controller.OAuthTokenController">
		<constructor-arg name="clientDetails" ref="oauthDetails" />
	</bean>
	
	<!--  End entries for AuthServices 44 migration -->
	
    <!-- Activates scanning of @Repository and @Service -->
    <context:component-scan base-package="gov.va.mobile.vamf.rxr,gov.va.mobile.vamf.common"/>

    <!--  Mongo configuration -->
   <!-- 

	<mongo:mongo host="${mongo.host}" port="${mongo.port}">
		<mongo:options
			connections-per-host="${mongo.connectionsPerHost}"
			threads-allowed-to-block-for-connection-multiplier="${mongo.threadsAllowedToBlockForConnectionMultiplier}"
			connect-timeout="${mongo.connectTimeout}"
			max-wait-time="${mongo.maxWaitTime}"
			auto-connect-retry="${mongo.autoConnectRetry}"
			socket-keep-alive="${mongo.socketKeepAlive}"
			socket-timeout="${mongo.socketTimeout}"
			slave-ok="${mongo.slaveOk}"
			write-number="1"
			write-timeout="0"
			write-fsync="true"
			ssl="${mongo.ssl}"/>
	</mongo:mongo> -->
	
	

	
	    <!-- <context:property-placeholder location="classpath:mongo.properties" /> -->
   <!-- <mongo:mongo-client id="mongo" host="${mongo.host}" port="${mongo.port}" credentials="admin:abc_123@xyz">
        
        <mongo:client-options write-concern="NORMAL"
             ssl="${mongo.ssl}" />
    </mongo:mongo-client>

    
    <bean id="mongoTemplate" class="org.springframework.data.mongodb.core.MongoTemplate">
        <constructor-arg ref="mongo"/>
        <constructor-arg name="databaseName" value="${mongo.dbname}"/>          
     </bean>        

  <mongo:repositories base-package="gov.va.mobile.vamf.rxr.datalayer" /> -->


	 <!--<mongo:db-factory mongo-ref="mongo" id="mongoDbFactory"
			dbname="${mongo.dbname}"
			username="${mongo.username}"
			password="${mongo.pwd}"/>

	<bean id="mongoTemplate" class="org.springframework.data.mongodb.core.MongoTemplate">
		<constructor-arg name="mongoDbFactory" ref="mongoDbFactory"/>
	</bean>-->
	
    <bean id="log4jInitialization" class="org.springframework.beans.factory.config.MethodInvokingFactoryBean">
        <property name="targetClass" value="org.springframework.util.Log4jConfigurer"/>
        <property name="targetMethod" value="initLogging"/>
        <property name="arguments">
            <list>
                <value>classpath:log4j.xml</value>
            </list>
        </property>
    </bean>

    <bean id="messageSource" class="org.springframework.context.support.ResourceBundleMessageSource">
        <property name="basename" value="ApplicationResources"/>
        <property name="useCodeAsDefaultMessage" value="true"/>
    </bean>

    <!-- Configures the @Controller programming model -->
	<bean id="customObjectMapper"
		class="gov.va.mobile.vamf.common.objectmappers.CustomDateFormatSupportObjectMapper">
		<constructor-arg>
			<bean class="java.text.SimpleDateFormat">
				<constructor-arg value="EEE, d MMM yyyy"/>
            </bean>
		</constructor-arg>            
	</bean>
	
	<mvc:annotation-driven>
		<mvc:message-converters>
			<bean
				class="org.springframework.http.converter.json.MappingJackson2HttpMessageConverter">
				<property name="objectMapper" ref="customObjectMapper" />
			</bean>
		</mvc:message-converters>
	</mvc:annotation-driven>


</beans>