<?xml version="1.0" encoding="UTF-8"?>
<!DOCTYPE log4j:configuration SYSTEM "log4j.dtd">
 
<log4j:configuration xmlns:log4j="http://jakarta.apache.org/log4j/">
    <appender name="fileAppender" class="org.apache.log4j.RollingFileAppender">
        <param name="Threshold" value="DEBUG" />
        <param name="File" value="../logs/rxr.log" />
        <layout class="org.apache.log4j.PatternLayout">
            <param name="ConversionPattern" value="%d  %-5p  [%c{1}] %m %n" />
        </layout>
    </appender>
 
    <root>
        <priority value="${log4j.priority}" />
        <appender-ref ref="fileAppender" />
    </root>
</log4j:configuration>