<beans xmlns="http://www.springframework.org/schema/beans"
xmlns:xsi="http://www.w3.org/2001/XMLSchema-instance" 
xmlns:context="http://www.springframework.org/schema/context"
xmlns:mongo="http://www.springframework.org/schema/data/mongo"
xsi:schemaLocation="http://www.springframework.org/schema/context
      http://www.springframework.org/schema/context/spring-context.xsd
      http://www.springframework.org/schema/data/mongo
      http://www.springframework.org/schema/data/mongo/spring-mongo.xsd
      http://www.springframework.org/schema/beans
      http://www.springframework.org/schema/beans/spring-beans.xsd">

        <!--  Mongo configuration -->
<mongo:repositories base-package="gov.va.mobile.vamf.rxr.datalayer" />
    
<mongo:mongo-client host="${mongo.host}" port="${mongo.port}" credentials="${mongo.username}:${mongo.pwd}${mongo.specialchar}${mongo.dbname}">
    <mongo:client-options write-concern="NORMAL"   ssl="${mongo.ssl}" />
</mongo:mongo-client>

<bean id="mongoTemplate" class="org.springframework.data.mongodb.core.MongoTemplate">
    <constructor-arg name="mongo" ref="mongo"/>
    <constructor-arg name="databaseName" value="${mongo.dbname}"/>
</bean>

</beans>
