<?xml version="1.0" encoding="UTF-8"?>
<beans xmlns="http://www.springframework.org/schema/beans"
        xmlns:xsi="http://www.w3.org/2001/XMLSchema-instance"
        xmlns:security="http://www.springframework.org/schema/security"
        xmlns:p="http://www.springframework.org/schema/p"
        xmlns:oauth="http://www.springframework.org/schema/security/oauth2"
        xsi:schemaLocation="http://www.springframework.org/schema/beans
        					http://www.springframework.org/schema/beans/spring-beans-4.0.xsd
							http://www.springframework.org/schema/security
							http://www.springframework.org/schema/security/spring-security-3.2.xsd
							http://www.springframework.org/schema/security/oauth2
							http://www.springframework.org/schema/security/spring-security-oauth2-1.0.xsd
							http://www.springframework.org/schema/context
							http://www.springframework.org/schema/context/spring-context-4.0.xsd">

	<property-placeholder location="classpath:environment.properties" xmlns="http://www.springframework.org/schema/context" />

	 <!-- 
	  * SPRINGSEC: Spring Security configuration to turn on REST end point protection
	  * Spring security filter chain configuration for all REST end points satisfying
	  * the ant-path-expression /v2/** in the deployed application.
	 -->

	<!-- AVAILABLE ROLES: ROLE_MHP_USER, ROLE_CONSUMER, ROLE_STAFF, ROLE_VBA -->
	
     <security:http pattern="/v2/**" 
     				access-decision-manager-ref="accessDecisionManager" 
     				entry-point-ref="accessDeniedEntryPoint" >
     	<!--  For the resources under public no authentication is necessary -->
		<security:intercept-url pattern="/v2/public/**"  access="IS_AUTHENTICATED_ANONYMOUSLY" />
		<!--  For the resources making preflight options requests -->
		<security:intercept-url pattern="/v2/**" access="IS_AUTHENTICATED_ANONYMOUSLY" method="OPTIONS" />
		<!--  All other resources should be accessible to any user with role MHP_USER -->
		<security:intercept-url pattern="/v2/**" access="ROLE_MHP_USER,IS_PATIENT_OR_ADVOCATE" />
		<!-- Injects a filter at PRE_AUTH_FILTER location that uses an Health adapter
			 implementation of ResourceServerTokenServices for validation of the passed in token-->
		<security:custom-filter ref="resourceServerFilter" before="PRE_AUTH_FILTER" />
	</security:http>


	<!-- a filter at PRE_AUTH_FILTER location that uses an Health adapter implementation 
		 of ResourceServerTokenServices for validation of the passed in token -->
	<oauth:resource-server id="resourceServerFilter" token-services-ref="haTokenValidationServices"></oauth:resource-server>

	<!-- An implementation of ResourceServerTokenServices that validates the passed in token
		 by calling the Health Adapter auth services -->
	<bean id="haTokenValidationServices" 
		  class="com.agilex.healthcare.mobilehealthplatform.security.HATokenValidation">
		<constructor-arg value="${ha.validate.token.url}" />
	</bean>

	<!-- Used by the ExceptionTranslation Spring Security filter to handle any exceptions 
		 by returning a 403 response to the clients -->
	<bean id="accessDeniedEntryPoint" 
		  class="org.springframework.security.web.authentication.Http403ForbiddenEntryPoint" />

	<!-- The accessDecisionManager controls what kinds of expressions can be passed into the 
		 access attribute for any intercept-url element in the http security filter chain config
		 and how the votes for each passed in expression evaluation are counted towards the final access vote -->
	<bean id="accessDecisionManager" 
		  class="org.springframework.security.access.vote.UnanimousBased" 
		  xmlns="http://www.springframework.org/schema/beans">
		<constructor-arg>
			<list>
				<bean class="org.springframework.security.oauth2.provider.vote.ScopeVoter" />
				<bean class="org.springframework.security.access.vote.AuthenticatedVoter" />
				<bean class="org.springframework.security.access.vote.RoleVoter" />
				<bean class="gov.va.mobile.vamf.common.security.voters.IsPatientOrAdvocateVoter" />				
			</list>
		</constructor-arg>
	</bean>

	<!-- registers a Spring standard authentication manager - 
		 we dont need an authentication manager functionally since HAAuth provides the authentication implementation
		 however the http/global-method-security require a reference to an auth manager to be wired in  -->
	<authentication-manager xmlns="http://www.springframework.org/schema/security" />

	<!-- The next 2 elements allow the use of OAuth2 specific checks if needed on bean methods
		 using Spring EL extensions for OAuth-->
	 <security:global-method-security pre-post-annotations="enabled" proxy-target-class="true">
        <security:expression-handler ref="oauthExpressionHandler" />
    </security:global-method-security>

    <oauth:expression-handler id="oauthExpressionHandler" />

</beans>
