﻿<?xml version="1.0" encoding="utf-8"?>
<namespace name="uConst">
  <const name="ObjMarker" type="string">
    <value>
      ^@@^
    </value>
  </const>
  <const name="ObjMarkerLen" type="Integer">
    <value>
      $4
    </value>
  </const>
  <const name="DlgPropMarker" type="string">
    <value>
      ^@=
    </value>
  </const>
  <const name="DlgPropMarkerLen" type="Integer">
    <value>
      $3
    </value>
  </const>
  <const name="NoTextMarker" type="string">
    <value>
      &lt;@&gt;
    </value>
  </const>
  <const name="UM_SHOWPAGE" type="Integer">
    <value>
      $2814
    </value>
  </const>
  <const name="UM_NEWORDER" type="Integer">
    <value>
      $2815
    </value>
  </const>
  <const name="UM_TAKEFOCUS" type="Integer">
    <value>
      $2816
    </value>
  </const>
  <const name="UM_CLOSEPROBLEM" type="Integer">
    <value>
      $2817
    </value>
  </const>
  <const name="UM_PLFILTER" type="Integer">
    <value>
      $2818
    </value>
  </const>
  <const name="UM_PLLEX" type="Integer">
    <value>
      $2819
    </value>
  </const>
  <const name="UM_RESIZEPAGE" type="Integer">
    <value>
      $281A
    </value>
  </const>
  <const name="UM_DROPLIST" type="Integer">
    <value>
      $281B
    </value>
  </const>
  <const name="UM_DESTROY" type="Integer">
    <value>
      $281C
    </value>
  </const>
  <const name="UM_DELAYEVENT" type="Integer">
    <value>
      $281D
    </value>
  </const>
  <const name="UM_INITIATE" type="Integer">
    <value>
      $281E
    </value>
  </const>
  <const name="UM_RESYNCREM" type="Integer">
    <value>
      $281F
    </value>
  </const>
  <const name="CH_DOC" type="Integer">
    <value>
      $A
    </value>
  </const>
  <const name="CH_SUM" type="Integer">
    <value>
      $C
    </value>
  </const>
  <const name="CH_CON" type="Integer">
    <value>
      $F
    </value>
  </const>
  <const name="CH_ORD" type="Integer">
    <value>
      $14
    </value>
  </const>
  <const name="CH_PCE" type="Integer">
    <value>
      $1E
    </value>
  </const>
  <const name="CH_SIGN_YES" type="Integer">
    <value>
      $1
    </value>
  </const>
  <const name="CH_SIGN_NO" type="Integer">
    <value>
      $2
    </value>
  </const>
  <const name="CH_SIGN_NA" type="Integer">
    <value>
      $0
    </value>
  </const>
  <const name="SS_ONCHART" type="Char">
    <value>
      $30
    </value>
  </const>
  <const name="SS_ESIGNED" type="Char">
    <value>
      $31
    </value>
  </const>
  <const name="SS_UNSIGNED" type="Char">
    <value>
      $32
    </value>
  </const>
  <const name="SS_NOTREQD" type="Char">
    <value>
      $33
    </value>
  </const>
  <const name="RS_HOLD" type="Char">
    <value>
      $30
    </value>
  </const>
  <const name="RS_RELEASE" type="Char">
    <value>
      $31
    </value>
  </const>
  <const name="NO_PROVIDER" type="Char">
    <value>
      $45
    </value>
  </const>
  <const name="NO_VERBAL" type="Char">
    <value>
      $56
    </value>
  </const>
  <const name="NO_PHONE" type="Char">
    <value>
      $50
    </value>
  </const>
  <const name="NO_POLICY" type="Char">
    <value>
      $49
    </value>
  </const>
  <const name="NO_WRITTEN" type="Char">
    <value>
      $57
    </value>
  </const>
  <const name="ORDER_NEW" type="Integer">
    <value>
      $0
    </value>
  </const>
  <const name="ORDER_DC" type="Integer">
    <value>
      $1
    </value>
  </const>
  <const name="ORDER_RENEW" type="Integer">
    <value>
      $2
    </value>
  </const>
  <const name="ORDER_HOLD" type="Integer">
    <value>
      $3
    </value>
  </const>
  <const name="ORDER_EDIT" type="Integer">
    <value>
      $4
    </value>
  </const>
  <const name="ORDER_COPY" type="Integer">
    <value>
      $5
    </value>
  </const>
  <const name="ORDER_QUICK" type="Integer">
    <value>
      $9
    </value>
  </const>
  <const name="ORDER_ACT" type="Integer">
    <value>
      $A
    </value>
  </const>
  <const name="ORDER_SIGN" type="Integer">
    <value>
      $B
    </value>
  </const>
  <const name="OA_COPY" type="string">
    <value>
      RW
    </value>
  </const>
  <const name="OA_CHANGE" type="string">
    <value>
      XX
    </value>
  </const>
  <const name="OA_RENEW" type="string">
    <value>
      RN
    </value>
  </const>
  <const name="OA_HOLD" type="string">
    <value>
      HD
    </value>
  </const>
  <const name="OA_DC" type="string">
    <value>
      DC
    </value>
  </const>
  <const name="OA_UNHOLD" type="string">
    <value>
      RL
    </value>
  </const>
  <const name="OA_FLAG" type="string">
    <value>
      FL
    </value>
  </const>
  <const name="OA_UNFLAG" type="string">
    <value>
      UF
    </value>
  </const>
  <const name="OA_COMPLETE" type="string">
    <value>
      CP
    </value>
  </const>
  <const name="OA_ALERT" type="string">
    <value>
      AL
    </value>
  </const>
  <const name="OA_REFILL" type="string">
    <value>
      RF
    </value>
  </const>
  <const name="OA_VERIFY" type="string">
    <value>
      VR
    </value>
  </const>
  <const name="OA_CHART" type="string">
    <value>
      CR
    </value>
  </const>
  <const name="OA_RELEASE" type="string">
    <value>
      RS
    </value>
  </const>
  <const name="OA_SIGN" type="string">
    <value>
      ES
    </value>
  </const>
  <const name="OA_ONCHART" type="string">
    <value>
      OC
    </value>
  </const>
  <const name="OA_COMMENT" type="string">
    <value>
      CM
    </value>
  </const>
  <const name="OA_TRANSFER" type="string">
    <value>
      XFR
    </value>
  </const>
  <const name="OD_ACTIVITY" type="Integer">
    <value>
      $64
    </value>
  </const>
  <const name="OD_ALLERGY" type="Integer">
    <value>
      $69
    </value>
  </const>
  <const name="OD_CONSULT" type="Integer">
    <value>
      $6E
    </value>
  </const>
  <const name="OD_PROCEDURE" type="Integer">
    <value>
      $70
    </value>
  </const>
  <const name="OD_DIET_TXT" type="Integer">
    <value>
      $73
    </value>
  </const>
  <const name="OD_DIET" type="Integer">
    <value>
      $75
    </value>
  </const>
  <const name="OD_LAB" type="Integer">
    <value>
      $78
    </value>
  </const>
  <const name="OD_MEDINPT" type="Integer">
    <value>
      $82
    </value>
  </const>
  <const name="OD_MEDS" type="Integer">
    <value>
      $87
    </value>
  </const>
  <const name="OD_MEDOUTPT" type="Integer">
    <value>
      $8C
    </value>
  </const>
  <const name="OD_NURSING" type="Integer">
    <value>
      $96
    </value>
  </const>
  <const name="OD_MISC" type="Integer">
    <value>
      $97
    </value>
  </const>
  <const name="OD_GENERIC" type="Integer">
    <value>
      $98
    </value>
  </const>
  <const name="OD_IMAGING" type="Integer">
    <value>
      $A0
    </value>
  </const>
  <const name="OD_VITALS" type="Integer">
    <value>
      $AB
    </value>
  </const>
  <const name="OD_MEDIV" type="Integer">
    <value>
      $B4
    </value>
  </const>
  <const name="OD_TEXTONLY" type="Integer">
    <value>
      $3E7
    </value>
  </const>
  <const name="OM_NAV" type="Integer">
    <value>
      $3E9
    </value>
  </const>
  <const name="OM_QUICK" type="Integer">
    <value>
      $3EA
    </value>
  </const>
  <const name="OM_TABBED" type="Integer">
    <value>
      $3EB
    </value>
  </const>
  <const name="OM_TREE" type="Integer">
    <value>
      $3EC
    </value>
  </const>
  <const name="OM_ALLERGY" type="Integer">
    <value>
      $451
    </value>
  </const>
  <const name="OD_AUTOACK" type="Integer">
    <value>
      $270F
    </value>
  </const>
  <const name="OR_NOKEY" type="Integer">
    <value>
      $0
    </value>
  </const>
  <const name="OR_CLERK" type="Integer">
    <value>
      $1
    </value>
  </const>
  <const name="OR_NURSE" type="Integer">
    <value>
      $2
    </value>
  </const>
  <const name="OR_PHYSICIAN" type="Integer">
    <value>
      $3
    </value>
  </const>
  <const name="OR_STUDENT" type="Integer">
    <value>
      $4
    </value>
  </const>
  <const name="OR_BADKEYS" type="Integer">
    <value>
      $5
    </value>
  </const>
  <const name="QL_DIALOG" type="Integer">
    <value>
      $0
    </value>
  </const>
  <const name="QL_AUTO" type="Integer">
    <value>
      $1
    </value>
  </const>
  <const name="QL_VERIFY" type="Integer">
    <value>
      $2
    </value>
  </const>
  <const name="QL_REJECT" type="Integer">
    <value>
      $8
    </value>
  </const>
  <const name="QL_CANCEL" type="Integer">
    <value>
      $9
    </value>
  </const>
  <const name="MAX_KEYVARS" type="Integer">
    <value>
      $A
    </value>
  </const>
  <const name="OSS_UNSIGNED" type="Integer">
    <value>
      $2
    </value>
  </const>
  <const name="OSS_NOT_REQUIRE" type="Integer">
    <value>
      $3
    </value>
  </const>
  <const name="TX_WPTYPE" type="string">
    <value>
      ^WP^
    </value>
  </const>
  <const name="PST_UNIT_DOSE" type="Char">
    <value>
      $55
    </value>
  </const>
  <const name="PST_IV_FLUIDS" type="Char">
    <value>
      $46
    </value>
  </const>
  <const name="PST_OUTPATIENT" type="Char">
    <value>
      $4F
    </value>
  </const>
  <const name="MED_ACTIVE" type="Integer">
    <value>
      $0
    </value>
  </const>
  <const name="MED_PENDING" type="Integer">
    <value>
      $1
    </value>
  </const>
  <const name="MED_NONACTIVE" type="Integer">
    <value>
      $2
    </value>
  </const>
  <const name="MED_NONE" type="Integer">
    <value>
      $0
    </value>
  </const>
  <const name="MED_NEW" type="Integer">
    <value>
      $1
    </value>
  </const>
  <const name="MED_DC" type="Integer">
    <value>
      $2
    </value>
  </const>
  <const name="MED_HOLD" type="Integer">
    <value>
      $3
    </value>
  </const>
  <const name="MED_RENEW" type="Integer">
    <value>
      $4
    </value>
  </const>
  <const name="MED_REFILL" type="Integer">
    <value>
      $5
    </value>
  </const>
  <const name="DT_FUTURE" type="Char">
    <value>
      $46
    </value>
  </const>
  <const name="DT_PAST" type="Char">
    <value>
      $50
    </value>
  </const>
  <const name="DT_MMDDREQ" type="Char">
    <value>
      $45
    </value>
  </const>
  <const name="DT_TIMEOPT" type="Char">
    <value>
      $54
    </value>
  </const>
  <const name="DT_TIMEREQ" type="Char">
    <value>
      $52
    </value>
  </const>
  <const name="CC_CLICK" type="Integer">
    <value>
      $0
    </value>
  </const>
  <const name="CC_INIT_PATIENT" type="Integer">
    <value>
      $1
    </value>
  </const>
  <const name="CC_NOTIFICATION" type="Integer">
    <value>
      $2
    </value>
  </const>
  <const name="CC_REFRESH" type="Integer">
    <value>
      $3
    </value>
  </const>
  <const name="CC_RESUME" type="Integer">
    <value>
      $4
    </value>
  </const>
  <const name="NF_LAB_RESULTS" type="Integer">
    <value>
      $3
    </value>
  </const>
  <const name="NF_FLAGGED_ORDERS" type="Integer">
    <value>
      $6
    </value>
  </const>
  <const name="NF_ORDER_REQUIRES_ELEC_SIGNATURE" type="Integer">
    <value>
      $C
    </value>
  </const>
  <const name="NF_ABNORMAL_LAB_RESULTS" type="Integer">
    <value>
      $E
    </value>
  </const>
  <const name="NF_IMAGING_RESULTS" type="Integer">
    <value>
      $16
    </value>
  </const>
  <const name="NF_CONSULT_REQUEST_RESOLUTION" type="Integer">
    <value>
      $17
    </value>
  </const>
  <const name="NF_ABNORMAL_IMAGING_RESULTS" type="Integer">
    <value>
      $19
    </value>
  </const>
  <const name="NF_IMAGING_REQUEST_CANCEL_HELD" type="Integer">
    <value>
      $1A
    </value>
  </const>
  <const name="NF_NEW_SERVICE_CONSULT_REQUEST" type="Integer">
    <value>
      $1B
    </value>
  </const>
  <const name="NF_CONSULT_REQUEST_CANCEL_HOLD" type="Integer">
    <value>
      $1E
    </value>
  </const>
  <const name="NF_SITE_FLAGGED_RESULTS" type="Integer">
    <value>
      $20
    </value>
  </const>
  <const name="NF_ORDERER_FLAGGED_RESULTS" type="Integer">
    <value>
      $21
    </value>
  </const>
  <const name="NF_ORDER_REQUIRES_COSIGNATURE" type="Integer">
    <value>
      $25
    </value>
  </const>
  <const name="NF_LAB_ORDER_CANCELED" type="Integer">
    <value>
      $2A
    </value>
  </const>
  <const name="NF_STAT_RESULTS" type="Integer">
    <value>
      $2C
    </value>
  </const>
  <const name="NF_DNR_EXPIRING" type="Integer">
    <value>
      $2D
    </value>
  </const>
  <const name="NF_MEDICATIONS_EXPIRING" type="Integer">
    <value>
      $2F
    </value>
  </const>
  <const name="NF_UNVERIFIED_MEDICATION_ORDER" type="Integer">
    <value>
      $30
    </value>
  </const>
  <const name="NF_NEW_ORDER" type="Integer">
    <value>
      $32
    </value>
  </const>
  <const name="NF_IMAGING_RESULTS_AMENDED" type="Integer">
    <value>
      $35
    </value>
  </const>
  <const name="NF_CRITICAL_LAB_RESULTS" type="Integer">
    <value>
      $39
    </value>
  </const>
  <const name="NF_UNVERIFIED_ORDER" type="Integer">
    <value>
      $3B
    </value>
  </const>
  <const name="NF_FLAGGED_OI_RESULTS" type="Integer">
    <value>
      $3C
    </value>
  </const>
  <const name="NF_FLAGGED_OI_ORDER" type="Integer">
    <value>
      $3D
    </value>
  </const>
  <const name="NF_DC_ORDER" type="Integer">
    <value>
      $3E
    </value>
  </const>
  <const name="NF_CONSULT_REQUEST_UPDATED" type="Integer">
    <value>
      $3F
    </value>
  </const>
  <const name="NF_FLAGGED_OI_EXP_INPT" type="Integer">
    <value>
      $40
    </value>
  </const>
  <const name="NF_FLAGGED_OI_EXP_OUTPT" type="Integer">
    <value>
      $41
    </value>
  </const>
  <const name="NF_CONSULT_PROC_INTERPRETATION" type="Integer">
    <value>
      $42
    </value>
  </const>
  <const name="NF_DCSUMM_UNSIGNED_NOTE" type="Integer">
    <value>
      $385
    </value>
  </const>
  <const name="NF_CONSULT_UNSIGNED_NOTE" type="Integer">
    <value>
      $386
    </value>
  </const>
  <const name="NF_NOTES_UNSIGNED_NOTE" type="Integer">
    <value>
      $387
    </value>
  </const>
  <const name="NAE_OPEN" type="string">
    <value>
      BEG
    </value>
  </const>
  <const name="NAE_CLOSE" type="string">
    <value>
      END
    </value>
  </const>
  <const name="NAE_NEWPT" type="string">
    <value>
      XPT
    </value>
  </const>
  <const name="NAE_REPORT" type="string">
    <value>
      RPT
    </value>
  </const>
  <const name="NAE_ORDER" type="string">
    <value>
      ORD
    </value>
  </const>
  <const name="DR_PRIVACY" type="Char">
    <value>
      $50
    </value>
  </const>
  <const name="DR_ADMIN" type="Char">
    <value>
      $41
    </value>
  </const>
  <const name="DR_NOTREQ" type="string">
    <value>
      
    </value>
  </const>
  <const name="DR_CANCEL" type="string">
    <value>
      CANCEL
    </value>
  </const>
  <const name="TYP_PROGRESS_NOTE" type="Integer">
    <value>
      $3
    </value>
  </const>
  <const name="TYP_ADDENDUM" type="Integer">
    <value>
      $51
    </value>
  </const>
  <const name="TYP_DC_SUMM" type="Integer">
    <value>
      $F4
    </value>
  </const>
  <const name="NC_RECENT" type="Integer">
    <value>
      $0
    </value>
  </const>
  <const name="NC_ALL" type="Integer">
    <value>
      $1
    </value>
  </const>
  <const name="NC_UNSIGNED" type="Integer">
    <value>
      $2
    </value>
  </const>
  <const name="NC_UNCOSIGNED" type="Integer">
    <value>
      $3
    </value>
  </const>
  <const name="NC_BY_AUTHOR" type="Integer">
    <value>
      $4
    </value>
  </const>
  <const name="NC_BY_DATE" type="Integer">
    <value>
      $5
    </value>
  </const>
  <const name="NC_CUSTOM" type="Integer">
    <value>
      $6
    </value>
  </const>
  <const name="IMG_TOP_LEVEL" type="Integer">
    <value>
      $0
    </value>
  </const>
  <const name="IMG_GROUP_SHUT" type="Integer">
    <value>
      $1
    </value>
  </const>
  <const name="IMG_GROUP_OPEN" type="Integer">
    <value>
      $2
    </value>
  </const>
  <const name="IMG_SINGLE" type="Integer">
    <value>
      $3
    </value>
  </const>
  <const name="IMG_PARENT" type="Integer">
    <value>
      $4
    </value>
  </const>
  <const name="IMG_IDNOTE_SHUT" type="Integer">
    <value>
      $5
    </value>
  </const>
  <const name="IMG_IDNOTE_OPEN" type="Integer">
    <value>
      $6
    </value>
  </const>
  <const name="IMG_IDPAR_ADDENDA_SHUT" type="Integer">
    <value>
      $7
    </value>
  </const>
  <const name="IMG_IDPAR_ADDENDA_OPEN" type="Integer">
    <value>
      $8
    </value>
  </const>
  <const name="IMG_ID_CHILD" type="Integer">
    <value>
      $9
    </value>
  </const>
  <const name="IMG_ID_CHILD_ADD" type="Integer">
    <value>
      $A
    </value>
  </const>
  <const name="IMG_ADDENDUM" type="Integer">
    <value>
      $B
    </value>
  </const>
  <const name="IMG_GMRC_TOP_LEVEL" type="Integer">
    <value>
      $0
    </value>
  </const>
  <const name="IMG_GMRC_GROUP_SHUT" type="Integer">
    <value>
      $1
    </value>
  </const>
  <const name="IMG_GMRC_GROUP_OPEN" type="Integer">
    <value>
      $2
    </value>
  </const>
  <const name="IMG_GMRC_CONSULT" type="Integer">
    <value>
      $3
    </value>
  </const>
  <const name="IMG_GMRC_PROC" type="Integer">
    <value>
      $4
    </value>
  </const>
  <const name="IMG_GMRC_CLINPROC" type="Integer">
    <value>
      $5
    </value>
  </const>
  <const name="IMG_GMRC_ALL_PROC" type="Integer">
    <value>
      $6
    </value>
  </const>
  <const name="IMG_NO_IMAGES" type="Integer">
    <value>
      $4
    </value>
  </const>
  <const name="IMG_1_IMAGE" type="Integer">
    <value>
      $1
    </value>
  </const>
  <const name="IMG_2_IMAGES" type="Integer">
    <value>
      $2
    </value>
  </const>
  <const name="IMG_MANY_IMAGES" type="Integer">
    <value>
      $3
    </value>
  </const>
  <const name="IMG_NONE" type="Integer">
    <value>
      $FFFFFFFF
    </value>
  </const>
  <const name="IMG_ASCENDING" type="Integer">
    <value>
      $C
    </value>
  </const>
  <const name="IMG_DESCENDING" type="Integer">
    <value>
      $D
    </value>
  </const>
  <const name="IMG_BLANK" type="Integer">
    <value>
      $E
    </value>
  </const>
  <const name="CT_NOTES" type="Integer">
    <value>
      $6
    </value>
  </const>
  <const name="CT_CONSULTS" type="Integer">
    <value>
      $7
    </value>
  </const>
  <const name="CT_DCSUMM" type="Integer">
    <value>
      $8
    </value>
  </const>
  <variable name="NC_TV_TEXT" visibility="public">
    <array low="6" high="8" generated="true">
      <array namespace="uConst" low="1" high="5" generated="true">
        <element type="string" />
      </array>
    </array>
  </variable>
  <const name="CC_ALL" type="Integer">
    <value>
      $1
    </value>
  </const>
  <const name="CC_BY_STATUS" type="Integer">
    <value>
      $2
    </value>
  </const>
  <const name="CC_BY_SERVICE" type="Integer">
    <value>
      $4
    </value>
  </const>
  <const name="CC_BY_DATE" type="Integer">
    <value>
      $5
    </value>
  </const>
  <const name="CC_CUSTOM" type="Integer">
    <value>
      $6
    </value>
  </const>
  <variable name="CC_TV_TEXT" visibility="public">
    <array low="1" high="6" generated="true">
      <element type="string" />
    </array>
  </variable>
  <const name="NPF_ALL" type="Integer">
    <value>
      $0
    </value>
  </const>
  <const name="NPF_PROVIDER" type="Integer">
    <value>
      $1
    </value>
  </const>
  <const name="NPF_SUPPRESS" type="Integer">
    <value>
      $9
    </value>
  </const>
  <const name="LOC_ALL" type="Integer">
    <value>
      $0
    </value>
  </const>
  <const name="LOC_OUTP" type="Integer">
    <value>
      $1
    </value>
  </const>
  <const name="LOC_INP" type="Integer">
    <value>
      $2
    </value>
  </const>
  <const name="UpperCaseLetters" type="string">
    <value>
      ABCDEFGHIJKLMNOPQRSTUVWXYZ
    </value>
  </const>
  <const name="LowerCaseLetters" type="string">
    <value>
      abcdefghijklmnopqrstuvwxyz
    </value>
  </const>
  <const name="Digits" type="string">
    <value>
      0123456789
    </value>
  </const>
  <const name="MAX_ENTRY_WIDTH" type="Integer">
    <value>
      $82
    </value>
  </const>
  <variable name="ScrollBarWidth" type="Integer" visibility="public" />
</namespace>
