﻿<?xml version="1.0" encoding="utf-8"?>
<namespace name="uTemplateFields">
  <const name="dftUnknown" type="TTemplateFieldType">
    <value>
      dftUnknown
    </value>
  </const>
  <const name="dftEditBox" type="TTemplateFieldType">
    <value>
      dftEditBox
    </value>
  </const>
  <const name="dftComboBox" type="TTemplateFieldType">
    <value>
      dftComboBox
    </value>
  </const>
  <const name="dftButton" type="TTemplateFieldType">
    <value>
      dftButton
    </value>
  </const>
  <const name="dftCheckBoxes" type="TTemplateFieldType">
    <value>
      dftCheckBoxes
    </value>
  </const>
  <const name="dftRadioButtons" type="TTemplateFieldType">
    <value>
      dftRadioButtons
    </value>
  </const>
  <const name="dftDate" type="TTemplateFieldType">
    <value>
      dftDate
    </value>
  </const>
  <const name="dftNumber" type="TTemplateFieldType">
    <value>
      dftNumber
    </value>
  </const>
  <const name="dftHyperlink" type="TTemplateFieldType">
    <value>
      dftHyperlink
    </value>
  </const>
  <const name="dftWP" type="TTemplateFieldType">
    <value>
      dftWP
    </value>
  </const>
  <const name="dftText" type="TTemplateFieldType">
    <value>
      dftText
    </value>
  </const>
  <enum name="TTemplateFieldType">
    <element name="dftUnknown" />
    <element name="dftEditBox" />
    <element name="dftComboBox" />
    <element name="dftButton" />
    <element name="dftCheckBoxes" />
    <element name="dftRadioButtons" />
    <element name="dftDate" />
    <element name="dftNumber" />
    <element name="dftHyperlink" />
    <element name="dftWP" />
    <element name="dftText" />
  </enum>
  <const name="dtUnknown" type="TTmplFldDateType">
    <value>
      dtUnknown
    </value>
  </const>
  <const name="dtDate" type="TTmplFldDateType">
    <value>
      dtDate
    </value>
  </const>
  <const name="dtDateTime" type="TTmplFldDateType">
    <value>
      dtDateTime
    </value>
  </const>
  <const name="dtDateReqTime" type="TTmplFldDateType">
    <value>
      dtDateReqTime
    </value>
  </const>
  <const name="dtCombo" type="TTmplFldDateType">
    <value>
      dtCombo
    </value>
  </const>
  <const name="dtYear" type="TTmplFldDateType">
    <value>
      dtYear
    </value>
  </const>
  <const name="dtYearMonth" type="TTmplFldDateType">
    <value>
      dtYearMonth
    </value>
  </const>
  <enum name="TTmplFldDateType">
    <element name="dtUnknown" />
    <element name="dtDate" />
    <element name="dtDateTime" />
    <element name="dtDateReqTime" />
    <element name="dtCombo" />
    <element name="dtYear" />
    <element name="dtYearMonth" />
  </enum>
  <const name="FldItemTypes" type="Set">
    <value>
      [dftComboBox..dftRadioButtons,dftWP..dftText]
    </value>
  </const>
  <const name="SepLinesTypes" type="Set">
    <value>
      [dftCheckBoxes..dftRadioButtons]
    </value>
  </const>
  <const name="EditLenTypes" type="Set">
    <value>
      [dftEditBox..dftComboBox,dftWP]
    </value>
  </const>
  <const name="EditDfltTypes" type="Set">
    <value>
      [dftEditBox,dftHyperlink]
    </value>
  </const>
  <const name="EditDfltType2" type="Set">
    <value>
      [dftEditBox,dftDate,dftHyperlink]
    </value>
  </const>
  <const name="ItemDfltTypes" type="Set">
    <value>
      [dftComboBox..dftRadioButtons]
    </value>
  </const>
  <const name="NoRequired" type="Set">
    <value>
      [dftHyperlink,dftText]
    </value>
  </const>
  <const name="ExcludeText" type="Set">
    <value>
      [dftHyperlink,dftText]
    </value>
  </const>
  <class name="TTemplateDialogEntry">
    <ancestor name="TObject" namespace="System">
      <methodref name="Create" visibility="public">
      </methodref>
      <methodref name="Free" visibility="public">
      </methodref>
      <methodref name="InitInstance" visibility="public">
      </methodref>
      <methodref name="CleanupInstance" visibility="public">
      </methodref>
      <methodref name="ClassType" visibility="public">
      </methodref>
      <methodref name="ClassName" visibility="public">
      </methodref>
      <methodref name="ClassNameIs" visibility="public">
      </methodref>
      <methodref name="ClassParent" visibility="public">
      </methodref>
      <methodref name="ClassInfo" visibility="public">
      </methodref>
      <methodref name="InstanceSize" visibility="public">
      </methodref>
      <methodref name="InheritsFrom" visibility="public">
      </methodref>
      <methodref name="MethodAddress" visibility="public">
      </methodref>
      <methodref name="MethodName" visibility="public">
      </methodref>
      <methodref name="FieldAddress" visibility="public">
      </methodref>
      <methodref name="GetInterface" visibility="public">
      </methodref>
      <methodref name="GetInterfaceEntry" visibility="public">
      </methodref>
      <methodref name="GetInterfaceTable" visibility="public">
      </methodref>
      <methodref name="SafeCallException" visibility="public">
      </methodref>
      <methodref name="AfterConstruction" visibility="public">
      </methodref>
      <methodref name="BeforeDestruction" visibility="public">
      </methodref>
      <methodref name="Dispatch" visibility="public">
      </methodref>
      <methodref name="DefaultHandler" visibility="public">
      </methodref>
      <methodref name="NewInstance" visibility="public">
      </methodref>
      <methodref name="FreeInstance" visibility="public">
      </methodref>
      <methodref name="Destroy" visibility="public">
      </methodref>
    </ancestor>
    <members>
      <field name="FID" type="string" visibility="private" />
      <field name="FFont" type="TFont" visibility="private" />
      <field name="FPanel" type="TPanel" visibility="private" />
      <field name="FControls" type="TStringList" visibility="private" />
      <field name="FIndents" type="TStringList" visibility="private" />
      <field name="FFirstBuild" type="Boolean" visibility="private" />
      <field name="FOnChange" type="TNotifyEvent" visibility="private" />
      <field name="FText" type="string" visibility="private" />
      <field name="FInternalID" type="string" visibility="private" />
      <field name="FObj" type="TObject" visibility="private" />
      <field name="FFieldValues" type="string" visibility="private" />
      <field name="FUpdating" type="Boolean" visibility="private" />
      <field name="FAutoDestroyOnPanelFree" type="Boolean" visibility="private" />
      <field name="FPanelDying" type="Boolean" visibility="private" />
      <field name="FOnDestroy" type="TNotifyEvent" visibility="private" />
      <procedure name="KillLabels" visibility="private">
      </procedure>
      <function name="GetFieldValues" visibility="private">
        <parameters>
          <retval type="string" />
        </parameters>
      </function>
      <procedure name="SetFieldValues" visibility="private">
        <parameters>
          <parameter name="Value" type="string" paramflags="const" />
        </parameters>
      </procedure>
      <procedure name="SetAutoDestroyOnPanelFree" visibility="private">
        <parameters>
          <parameter name="Value" type="Boolean" paramflags="const" />
        </parameters>
      </procedure>
      <procedure name="UpDownChange" visibility="protected">
        <parameters>
          <parameter name="Sender" type="TObject" />
        </parameters>
      </procedure>
      <procedure name="DoChange" visibility="protected">
        <parameters>
          <parameter name="Sender" type="TObject" />
        </parameters>
      </procedure>
      <function name="GetControlText" visibility="protected">
        <parameters>
          <parameter name="CtrlID" type="Integer" />
          <parameter name="NoCommas" type="Boolean" />
          <parameter name="FoundEntry" type="Boolean" paramflags="var" />
          <parameter name="AutoWrap" type="Boolean" />
          <parameter name="emField" type="string">
            <value>
              
            </value>
          </parameter>
          <retval type="string" />
        </parameters>
      </function>
      <procedure name="SetControlText" visibility="protected">
        <parameters>
          <parameter name="CtrlID" type="Integer" />
          <parameter name="AText" type="string" />
        </parameters>
      </procedure>
      <constructor name="Create" visibility="public">
        <parameters>
          <parameter name="AParent" type="TWinControl" />
          <parameter name="AID" type="string" />
          <parameter name="Text" type="string" />
        </parameters>
      </constructor>
      <destructor name="Destroy" visibility="public">
        <parameters>
        </parameters>
      </destructor>
      <function name="GetPanel" visibility="public">
        <parameters>
          <parameter name="MaxLen" type="Integer" />
          <parameter name="AParent" type="TWinControl" />
          <retval type="TPanel" />
        </parameters>
      </function>
      <function name="GetText" visibility="public">
        <parameters>
          <retval type="string" />
        </parameters>
      </function>
      <property name="Text" visibility="public" read="FText" write="FText" type="string" />
      <property name="InternalID" visibility="public" read="FInternalID" write="FInternalID" type="string" />
      <property name="ID" visibility="public" read="FID" type="string" />
      <property name="Obj" visibility="public" read="FObj" write="FObj" type="TObject" />
      <event name="OnChange" visibility="public" read="FOnChange" write="FOnChange" type="TNotifyEvent" />
      <event name="OnDestroy" visibility="public" read="FOnDestroy" write="FOnDestroy" type="TNotifyEvent" />
      <property name="FieldValues" visibility="public" read="GetFieldValues" write="SetFieldValues" type="string" />
      <property name="AutoDestroyOnPanelFree" visibility="public" read="FAutoDestroyOnPanelFree" write="SetAutoDestroyOnPanelFree" type="Boolean" />
    </members>
  </class>
  <class name="TTemplateField">
    <ancestor name="TObject" namespace="System">
      <methodref name="Create" visibility="public">
      </methodref>
      <methodref name="Free" visibility="public">
      </methodref>
      <methodref name="InitInstance" visibility="public">
      </methodref>
      <methodref name="CleanupInstance" visibility="public">
      </methodref>
      <methodref name="ClassType" visibility="public">
      </methodref>
      <methodref name="ClassName" visibility="public">
      </methodref>
      <methodref name="ClassNameIs" visibility="public">
      </methodref>
      <methodref name="ClassParent" visibility="public">
      </methodref>
      <methodref name="ClassInfo" visibility="public">
      </methodref>
      <methodref name="InstanceSize" visibility="public">
      </methodref>
      <methodref name="InheritsFrom" visibility="public">
      </methodref>
      <methodref name="MethodAddress" visibility="public">
      </methodref>
      <methodref name="MethodName" visibility="public">
      </methodref>
      <methodref name="FieldAddress" visibility="public">
      </methodref>
      <methodref name="GetInterface" visibility="public">
      </methodref>
      <methodref name="GetInterfaceEntry" visibility="public">
      </methodref>
      <methodref name="GetInterfaceTable" visibility="public">
      </methodref>
      <methodref name="SafeCallException" visibility="public">
      </methodref>
      <methodref name="AfterConstruction" visibility="public">
      </methodref>
      <methodref name="BeforeDestruction" visibility="public">
      </methodref>
      <methodref name="Dispatch" visibility="public">
      </methodref>
      <methodref name="DefaultHandler" visibility="public">
      </methodref>
      <methodref name="NewInstance" visibility="public">
      </methodref>
      <methodref name="FreeInstance" visibility="public">
      </methodref>
      <methodref name="Destroy" visibility="public">
      </methodref>
    </ancestor>
    <members>
      <field name="FMaxLen" type="Integer" visibility="private" />
      <field name="FFldName" type="string" visibility="private" />
      <field name="FNameChanged" type="Boolean" visibility="private" />
      <field name="FLMText" type="string" visibility="private" />
      <field name="FEditDefault" type="string" visibility="private" />
      <field name="FNotes" type="string" visibility="private" />
      <field name="FItems" type="string" visibility="private" />
      <field name="FInactive" type="Boolean" visibility="private" />
      <field name="FItemDefault" type="string" visibility="private" />
      <field name="FFldType" type="TTemplateFieldType" visibility="private" />
      <field name="FRequired" type="Boolean" visibility="private" />
      <field name="FSepLines" type="Boolean" visibility="private" />
      <field name="FTextLen" type="Integer" visibility="private" />
      <field name="FIndent" type="Integer" visibility="private" />
      <field name="FPad" type="Integer" visibility="private" />
      <field name="FMinVal" type="Integer" visibility="private" />
      <field name="FMaxVal" type="Integer" visibility="private" />
      <field name="FIncrement" type="Integer" visibility="private" />
      <field name="FURL" type="string" visibility="private" />
      <field name="FDateType" type="TTmplFldDateType" visibility="private" />
      <field name="FModified" type="Boolean" visibility="private" />
      <field name="FID" type="string" visibility="private" />
      <field name="FLocked" type="Boolean" visibility="private" />
      <procedure name="SetEditDefault" visibility="private">
        <parameters>
          <parameter name="Value" type="string" paramflags="const" />
        </parameters>
      </procedure>
      <procedure name="SetFldName" visibility="private">
        <parameters>
          <parameter name="Value" type="string" paramflags="const" />
        </parameters>
      </procedure>
      <procedure name="SetFldType" visibility="private">
        <parameters>
          <parameter name="Value" type="TTemplateFieldType" paramflags="const" />
        </parameters>
      </procedure>
      <procedure name="SetInactive" visibility="private">
        <parameters>
          <parameter name="Value" type="Boolean" paramflags="const" />
        </parameters>
      </procedure>
      <procedure name="SetRequired" visibility="private">
        <parameters>
          <parameter name="Value" type="Boolean" paramflags="const" />
        </parameters>
      </procedure>
      <procedure name="SetSepLines" visibility="private">
        <parameters>
          <parameter name="Value" type="Boolean" paramflags="const" />
        </parameters>
      </procedure>
      <procedure name="SetItemDefault" visibility="private">
        <parameters>
          <parameter name="Value" type="string" paramflags="const" />
        </parameters>
      </procedure>
      <procedure name="SetItems" visibility="private">
        <parameters>
          <parameter name="Value" type="string" paramflags="const" />
        </parameters>
      </procedure>
      <procedure name="SetLMText" visibility="private">
        <parameters>
          <parameter name="Value" type="string" paramflags="const" />
        </parameters>
      </procedure>
      <procedure name="SetMaxLen" visibility="private">
        <parameters>
          <parameter name="Value" type="Integer" paramflags="const" />
        </parameters>
      </procedure>
      <procedure name="SetNotes" visibility="private">
        <parameters>
          <parameter name="Value" type="string" paramflags="const" />
        </parameters>
      </procedure>
      <procedure name="SetID" visibility="private">
        <parameters>
          <parameter name="Value" type="string" paramflags="const" />
        </parameters>
      </procedure>
      <procedure name="SetIncrement" visibility="private">
        <parameters>
          <parameter name="Value" type="Integer" paramflags="const" />
        </parameters>
      </procedure>
      <procedure name="SetIndent" visibility="private">
        <parameters>
          <parameter name="Value" type="Integer" paramflags="const" />
        </parameters>
      </procedure>
      <procedure name="SetMaxVal" visibility="private">
        <parameters>
          <parameter name="Value" type="Integer" paramflags="const" />
        </parameters>
      </procedure>
      <procedure name="SetMinVal" visibility="private">
        <parameters>
          <parameter name="Value" type="Integer" paramflags="const" />
        </parameters>
      </procedure>
      <procedure name="SetPad" visibility="private">
        <parameters>
          <parameter name="Value" type="Integer" paramflags="const" />
        </parameters>
      </procedure>
      <procedure name="SetTextLen" visibility="private">
        <parameters>
          <parameter name="Value" type="Integer" paramflags="const" />
        </parameters>
      </procedure>
      <procedure name="SetURL" visibility="private">
        <parameters>
          <parameter name="Value" type="string" paramflags="const" />
        </parameters>
      </procedure>
      <procedure name="CreateDialogControls" visibility="private">
        <parameters>
          <parameter name="Entry" type="TTemplateDialogEntry" />
          <parameter name="Index" type="Integer" paramflags="var" />
          <parameter name="CtrlID" type="Integer" />
        </parameters>
      </procedure>
      <function name="Width" visibility="private">
        <parameters>
          <retval type="Integer" />
        </parameters>
      </function>
      <function name="GetRequired" visibility="private">
        <parameters>
          <retval type="Boolean" />
        </parameters>
      </function>
      <procedure name="SetDateType" visibility="private">
        <parameters>
          <parameter name="Value" type="TTmplFldDateType" paramflags="const" />
        </parameters>
      </procedure>
      <constructor name="Create" visibility="public">
        <parameters>
          <parameter name="AData" type="TStrings" />
        </parameters>
      </constructor>
      <constructor name="Create" visibility="public">
        <parameters>
          <parameter name="Element" type="IXMLDOMNode" />
        </parameters>
      </constructor>
      <constructor name="Create" visibility="public">
        <parameters>
          <parameter name="FieldName" type="string" />
          <parameter name="DefValue" type="string" />
        </parameters>
      </constructor>
      <destructor name="Destroy" visibility="public">
        <parameters>
        </parameters>
      </destructor>
      <procedure name="Assign" visibility="public">
        <parameters>
          <parameter name="AFld" type="TTemplateField" />
        </parameters>
      </procedure>
      <function name="NewField" visibility="public">
        <parameters>
          <retval type="Boolean" />
        </parameters>
      </function>
      <function name="CanModify" visibility="public">
        <parameters>
          <retval type="Boolean" />
        </parameters>
      </function>
      <property name="ID" visibility="public" read="FID" write="SetID" type="string" />
      <property name="FldName" visibility="public" read="FFldName" write="SetFldName" type="string" />
      <property name="NameChanged" visibility="public" read="FNameChanged" type="Boolean" />
      <property name="FldType" visibility="public" read="FFldType" write="SetFldType" type="TTemplateFieldType" />
      <property name="MaxLen" visibility="public" read="FMaxLen" write="SetMaxLen" type="Integer" />
      <property name="EditDefault" visibility="public" read="FEditDefault" write="SetEditDefault" type="string" />
      <property name="Items" visibility="public" read="FItems" write="SetItems" type="string" />
      <property name="ItemDefault" visibility="public" read="FItemDefault" write="SetItemDefault" type="string" />
      <property name="LMText" visibility="public" read="FLMText" write="SetLMText" type="string" />
      <property name="Inactive" visibility="public" read="FInactive" write="SetInactive" type="Boolean" />
      <property name="Required" visibility="public" read="GetRequired" write="SetRequired" type="Boolean" />
      <property name="SepLines" visibility="public" read="FSepLines" write="SetSepLines" type="Boolean" />
      <property name="TextLen" visibility="public" read="FTextLen" write="SetTextLen" type="Integer" />
      <property name="Indent" visibility="public" read="FIndent" write="SetIndent" type="Integer" />
      <property name="Pad" visibility="public" read="FPad" write="SetPad" type="Integer" />
      <property name="MinVal" visibility="public" read="FMinVal" write="SetMinVal" type="Integer" />
      <property name="MaxVal" visibility="public" read="FMaxVal" write="SetMaxVal" type="Integer" />
      <property name="Increment" visibility="public" read="FIncrement" write="SetIncrement" type="Integer" />
      <property name="URL" visibility="public" read="FURL" write="SetURL" type="string" />
      <property name="DateType" visibility="public" read="FDateType" write="SetDateType" type="TTmplFldDateType" />
      <property name="Notes" visibility="public" read="FNotes" write="SetNotes" type="string" />
    </members>
  </class>
  <array name="TTemplateFieldArr">
    <element type="TTemplateField" />
  </array>
  <const name="TemplateFieldBeginSignature" type="string">
    <value>
      {FLD:
    </value>
  </const>
  <const name="TemplateFieldEndSignature" type="Char">
    <value>
      $7D
    </value>
  </const>
  <const name="TemplateFieldSignatureLen" type="Integer">
    <value>
      $5
    </value>
  </const>
  <const name="TemplateFieldSignatureEndLen" type="Integer">
    <value>
      $1
    </value>
  </const>
  <const name="MissingFieldsTxt" type="string">
    <value>
      One or more required fields must still be entered.



Missing required items have been highlighted for you.
    </value>
  </const>
  <variable name="TemplateFieldTypeCodes" visibility="public" />
  <variable name="TemplateFieldTypeDesc" visibility="public">
    <array generated="true">
      <array low="0" high="1">
        <element type="string" />
      </array>
    </array>
  </variable>
  <variable name="TemplateDateTypeDesc" visibility="public">
    <array generated="true">
      <array low="0" high="1">
        <element type="string" />
      </array>
    </array>
  </variable>
  <variable name="FldNames" visibility="public">
    <array generated="true">
      <element type="string" />
    </array>
  </variable>
  <variable name="TemplateFieldDateCodes" visibility="public" />
  <const name="MaxTFWPLines" type="Integer">
    <value>
      $14
    </value>
  </const>
  <const name="MaxTFEdtLen" type="Integer">
    <value>
      $46
    </value>
  </const>
  <function name="GetDialogEntry" visibility="public">
    <parameters>
      <parameter name="AParent" type="TWinControl" />
      <parameter name="AID" type="string" />
      <parameter name="AText" type="string" />
      <retval type="TTemplateDialogEntry" />
    </parameters>
  </function>
  <procedure name="FreeEntries" visibility="public">
    <parameters>
      <parameter name="SL" type="TStrings" />
    </parameters>
  </procedure>
  <procedure name="AssignFieldIDs" visibility="public" procflags="overload">
    <parameters>
      <parameter name="Txt" type="string" paramflags="var" />
    </parameters>
  </procedure>
  <procedure name="AssignFieldIDs" visibility="public" procflags="overload">
    <parameters>
      <parameter name="SL" type="TStrings" />
    </parameters>
  </procedure>
  <function name="ResolveTemplateFields" visibility="public">
    <parameters>
      <parameter name="Text" type="string" />
      <parameter name="AutoWrap" type="Boolean" />
      <parameter name="Hidden" type="Boolean">
        <value>
          False
        </value>
      </parameter>
      <retval type="string" />
    </parameters>
  </function>
  <function name="AreTemplateFieldsRequired" visibility="public">
    <parameters>
      <parameter name="Text" type="string" paramflags="const" />
      <parameter name="FldValues" type="TORStringList">
        <value>
          nil
        </value>
      </parameter>
      <retval type="Boolean" />
    </parameters>
  </function>
  <function name="HasTemplateField" visibility="public">
    <parameters>
      <parameter name="txt" type="string" />
      <retval type="Boolean" />
    </parameters>
  </function>
  <procedure name="ClearTemplateFields" visibility="public">
  </procedure>
  <function name="AddTemplateField" visibility="public">
    <parameters>
      <parameter name="fldNew" type="TTemplateField" />
      <retval type="Boolean" />
    </parameters>
  </function>
  <function name="GetTemplateField" visibility="public">
    <parameters>
      <parameter name="ATemplateField" type="string" />
      <parameter name="ByIEN" type="Boolean" />
      <retval type="TTemplateField" />
    </parameters>
  </function>
  <function name="TemplateFieldNameProblem" visibility="public">
    <parameters>
      <parameter name="Fld" type="TTemplateField" />
      <retval type="Boolean" />
    </parameters>
  </function>
  <function name="SaveTemplateFieldErrors" visibility="public">
    <parameters>
      <retval type="string" />
    </parameters>
  </function>
  <procedure name="ClearModifiedTemplateFields" visibility="public">
  </procedure>
  <function name="AnyTemplateFieldsModified" visibility="public">
    <parameters>
      <retval type="Boolean" />
    </parameters>
  </function>
  <procedure name="ListTemplateFields" visibility="public">
    <parameters>
      <parameter name="AText" type="string" paramflags="const" />
      <parameter name="AList" type="TStrings" />
      <parameter name="ListErrors" type="Boolean">
        <value>
          False
        </value>
      </parameter>
    </parameters>
  </procedure>
  <function name="BoilerplateTemplateFieldsOK" visibility="public">
    <parameters>
      <parameter name="AText" type="string" paramflags="const" />
      <parameter name="Msg" type="string">
        <value>
          
        </value>
      </parameter>
      <retval type="Boolean" />
    </parameters>
  </function>
  <procedure name="EnsureText" visibility="public">
    <parameters>
      <parameter name="edt" type="TEdit" />
      <parameter name="ud" type="TUpDown" />
    </parameters>
  </procedure>
  <procedure name="ConvertCodes2Text" visibility="public">
    <parameters>
      <parameter name="sl" type="TStrings" />
      <parameter name="Short" type="Boolean" />
    </parameters>
  </procedure>
  <procedure name="ReleaseFields" visibility="public">
    <parameters>
      <parameter name="fldRel" type="TTemplateFieldArr" />
    </parameters>
  </procedure>
  <function name="StripEmbedded" visibility="public">
    <parameters>
      <parameter name="iItems" type="string" />
      <retval type="string" />
    </parameters>
  </function>
</namespace>
