﻿<?xml version="1.0" encoding="utf-8"?>
<namespace name="uTemplates">
  <const name="ttNone" type="TTemplateType">
    <value>
      ttNone
    </value>
  </const>
  <const name="ttMyRoot" type="TTemplateType">
    <value>
      ttMyRoot
    </value>
  </const>
  <const name="ttRoot" type="TTemplateType">
    <value>
      ttRoot
    </value>
  </const>
  <const name="ttClass" type="TTemplateType">
    <value>
      ttClass
    </value>
  </const>
  <const name="ttDoc" type="TTemplateType">
    <value>
      ttDoc
    </value>
  </const>
  <const name="ttGroup" type="TTemplateType">
    <value>
      ttGroup
    </value>
  </const>
  <const name="ttDocEx" type="TTemplateType">
    <value>
      ttDocEx
    </value>
  </const>
  <const name="ttGroupEx" type="TTemplateType">
    <value>
      ttGroupEx
    </value>
  </const>
  <enum name="TTemplateType">
    <element name="ttNone" />
    <element name="ttMyRoot" />
    <element name="ttRoot" />
    <element name="ttClass" />
    <element name="ttDoc" />
    <element name="ttGroup" />
    <element name="ttDocEx" />
    <element name="ttGroupEx" />
  </enum>
  <const name="tcNone" type="TTemplateChildren">
    <value>
      tcNone
    </value>
  </const>
  <const name="tcActive" type="TTemplateChildren">
    <value>
      tcActive
    </value>
  </const>
  <const name="tcInactive" type="TTemplateChildren">
    <value>
      tcInactive
    </value>
  </const>
  <const name="tcBoth" type="TTemplateChildren">
    <value>
      tcBoth
    </value>
  </const>
  <enum name="TTemplateChildren">
    <element name="tcNone" />
    <element name="tcActive" />
    <element name="tcInactive" />
    <element name="tcBoth" />
  </enum>
  <const name="taAll" type="TTemplateAccess">
    <value>
      taAll
    </value>
  </const>
  <const name="taReadOnly" type="TTemplateAccess">
    <value>
      taReadOnly
    </value>
  </const>
  <const name="taNone" type="TTemplateAccess">
    <value>
      taNone
    </value>
  </const>
  <const name="taEditor" type="TTemplateAccess">
    <value>
      taEditor
    </value>
  </const>
  <enum name="TTemplateAccess">
    <element name="taAll" />
    <element name="taReadOnly" />
    <element name="taNone" />
    <element name="taEditor" />
  </enum>
  <struct name="TTemplateBackup" packed="true">
    <field name="BPrintName" type="string" visibility="public" />
    <field name="BGap" type="Integer" visibility="public" />
    <field name="BRealType" type="TTemplateType" visibility="public" />
    <field name="BActive" type="Boolean" visibility="public" />
    <field name="BDisplayOnly" type="Boolean" visibility="public" />
    <field name="BFirstLine" type="Boolean" visibility="public" />
    <field name="BOneItemOnly" type="Boolean" visibility="public" />
    <field name="BHideDlgItems" type="Boolean" visibility="public" />
    <field name="BHideItems" type="Boolean" visibility="public" />
    <field name="BIndentItems" type="Boolean" visibility="public" />
    <field name="BExclude" type="Boolean" visibility="public" />
    <field name="BDialog" type="Boolean" visibility="public" />
    <field name="BPersonalOwner" type="Int64" visibility="public" />
    <field name="BBoilerPlate" type="string" visibility="public" />
    <field name="BItemIENs" type="string" visibility="public" />
    <field name="BDescription" type="string" visibility="public" />
    <field name="BReminderDialog" type="string" visibility="public" />
    <field name="BLock" type="Boolean" visibility="public" />
    <field name="SavedPrintName" type="Boolean" visibility="public" />
    <field name="SavedGap" type="Boolean" visibility="public" />
    <field name="SavedRealType" type="Boolean" visibility="public" />
    <field name="SavedActive" type="Boolean" visibility="public" />
    <field name="SavedDisplayOnly" type="Boolean" visibility="public" />
    <field name="SavedFirstLine" type="Boolean" visibility="public" />
    <field name="SavedOneItemOnly" type="Boolean" visibility="public" />
    <field name="SavedHideDlgItems" type="Boolean" visibility="public" />
    <field name="SavedHideItems" type="Boolean" visibility="public" />
    <field name="SavedIndentItems" type="Boolean" visibility="public" />
    <field name="SavedExclude" type="Boolean" visibility="public" />
    <field name="SavedDialog" type="Boolean" visibility="public" />
    <field name="SavedPersonalOwner" type="Boolean" visibility="public" />
    <field name="SavedBoilerPlate" type="Boolean" visibility="public" />
    <field name="SavedItemIENs" type="Boolean" visibility="public" />
    <field name="SavedDescription" type="Boolean" visibility="public" />
    <field name="SavedReminderDialog" type="Boolean" visibility="public" />
    <field name="SavedLock" type="Boolean" visibility="public" />
  </struct>
  <class name="TTemplate">
    <ancestor name="TObject" namespace="System">
      <methodref name="Create" visibility="public">
      </methodref>
      <methodref name="Free" visibility="public">
      </methodref>
      <methodref name="InitInstance" visibility="public">
      </methodref>
      <methodref name="CleanupInstance" visibility="public">
      </methodref>
      <methodref name="ClassType" visibility="public">
      </methodref>
      <methodref name="ClassName" visibility="public">
      </methodref>
      <methodref name="ClassNameIs" visibility="public">
      </methodref>
      <methodref name="ClassParent" visibility="public">
      </methodref>
      <methodref name="ClassInfo" visibility="public">
      </methodref>
      <methodref name="InstanceSize" visibility="public">
      </methodref>
      <methodref name="InheritsFrom" visibility="public">
      </methodref>
      <methodref name="MethodAddress" visibility="public">
      </methodref>
      <methodref name="MethodName" visibility="public">
      </methodref>
      <methodref name="FieldAddress" visibility="public">
      </methodref>
      <methodref name="GetInterface" visibility="public">
      </methodref>
      <methodref name="GetInterfaceEntry" visibility="public">
      </methodref>
      <methodref name="GetInterfaceTable" visibility="public">
      </methodref>
      <methodref name="SafeCallException" visibility="public">
      </methodref>
      <methodref name="AfterConstruction" visibility="public">
      </methodref>
      <methodref name="BeforeDestruction" visibility="public">
      </methodref>
      <methodref name="Dispatch" visibility="public">
      </methodref>
      <methodref name="DefaultHandler" visibility="public">
      </methodref>
      <methodref name="NewInstance" visibility="public">
      </methodref>
      <methodref name="FreeInstance" visibility="public">
      </methodref>
      <methodref name="Destroy" visibility="public">
      </methodref>
    </ancestor>
    <members>
      <field name="FDescriptionLoaded" type="Boolean" visibility="private" />
      <field name="FDescription" type="string" visibility="private" />
      <field name="FCreatingChildren" type="Boolean" visibility="private" />
      <field name="FExclude" type="Boolean" visibility="private" />
      <field name="FActive" type="Boolean" visibility="private" />
      <field name="FDisplayOnly" type="Boolean" visibility="private" />
      <field name="FFirstLine" type="Boolean" visibility="private" />
      <field name="FOneItemOnly" type="Boolean" visibility="private" />
      <field name="FHideDlgItems" type="Boolean" visibility="private" />
      <field name="FHideItems" type="Boolean" visibility="private" />
      <field name="FIndentItems" type="Boolean" visibility="private" />
      <field name="FLock" type="Boolean" visibility="private" />
      <field name="FDialog" type="Boolean" visibility="private" />
      <field name="FBoilerPlateLoaded" type="Boolean" visibility="private" />
      <field name="FBoilerplate" type="string" visibility="private" />
      <field name="FID" type="string" visibility="private" />
      <field name="FPrintName" type="string" visibility="private" />
      <field name="FItems" type="TList" visibility="private" />
      <field name="FNodes" type="TStringList" visibility="private" />
      <field name="FRealType" type="TTemplateType" visibility="private" />
      <field name="FGap" type="Integer" visibility="private" />
      <field name="FChildren" type="TTemplateChildren" visibility="private" />
      <field name="FPersonalOwner" type="Int64" visibility="private" />
      <field name="FExpanded" type="Boolean" visibility="private" />
      <field name="FTag" type="Integer" visibility="private" />
      <field name="FLastTagIndex" type="Integer" visibility="private" />
      <field name="FBkup" type="TTemplateBackup" visibility="private" />
      <field name="FLastDlgCnt" type="Integer" visibility="private" />
      <field name="FLastUniqueID" type="Integer" visibility="private" />
      <field name="FDialogAborted" type="Boolean" visibility="private" />
      <field name="FReminderDialog" type="string" visibility="private" />
      <field name="FIsReminderDialog" type="Boolean" visibility="private" />
      <field name="FLocked" type="Boolean" visibility="private" />
      <field name="FCloning" type="Boolean" visibility="private" />
      <function name="TrueClone" visibility="protected">
        <parameters>
          <retval type="TTemplate" />
        </parameters>
      </function>
      <function name="GetItems" visibility="protected">
        <parameters>
          <retval type="TList" />
        </parameters>
      </function>
      <function name="GetTemplateType" visibility="protected">
        <parameters>
          <retval type="TTemplateType" />
        </parameters>
      </function>
      <function name="GetBoilerplate" visibility="protected">
        <parameters>
          <retval type="string" />
        </parameters>
      </function>
      <function name="GetChildren" visibility="protected">
        <parameters>
          <retval type="TTemplateChildren" />
        </parameters>
      </function>
      <procedure name="SetTemplateType" visibility="protected">
        <parameters>
          <parameter name="Value" type="TTemplateType" paramflags="const" />
        </parameters>
      </procedure>
      <procedure name="SetBoilerplate" visibility="protected">
        <parameters>
          <parameter name="Value" type="string" />
        </parameters>
      </procedure>
      <function name="GetText" visibility="protected">
        <parameters>
          <retval type="string" />
        </parameters>
      </function>
      <procedure name="SetPersonalOwner" visibility="protected">
        <parameters>
          <parameter name="Value" type="Int64" />
        </parameters>
      </procedure>
      <procedure name="SetActive" visibility="protected">
        <parameters>
          <parameter name="Value" type="Boolean" paramflags="const" />
        </parameters>
      </procedure>
      <procedure name="SetDisplayOnly" visibility="protected">
        <parameters>
          <parameter name="Value" type="Boolean" paramflags="const" />
        </parameters>
      </procedure>
      <procedure name="SetFirstLine" visibility="protected">
        <parameters>
          <parameter name="Value" type="Boolean" paramflags="const" />
        </parameters>
      </procedure>
      <procedure name="SetOneItemOnly" visibility="protected">
        <parameters>
          <parameter name="Value" type="Boolean" paramflags="const" />
        </parameters>
      </procedure>
      <procedure name="SetHideDlgItems" visibility="protected">
        <parameters>
          <parameter name="Value" type="Boolean" paramflags="const" />
        </parameters>
      </procedure>
      <procedure name="SetHideItems" visibility="protected">
        <parameters>
          <parameter name="Value" type="Boolean" paramflags="const" />
        </parameters>
      </procedure>
      <procedure name="SetIndentItems" visibility="protected">
        <parameters>
          <parameter name="Value" type="Boolean" paramflags="const" />
        </parameters>
      </procedure>
      <procedure name="SetLock" visibility="protected">
        <parameters>
          <parameter name="Value" type="Boolean" paramflags="const" />
        </parameters>
      </procedure>
      <procedure name="SetExclude" visibility="protected">
        <parameters>
          <parameter name="Value" type="Boolean" paramflags="const" />
        </parameters>
      </procedure>
      <procedure name="SetDialog" visibility="protected">
        <parameters>
          <parameter name="Value" type="Boolean" paramflags="const" />
        </parameters>
      </procedure>
      <procedure name="SetGap" visibility="protected">
        <parameters>
          <parameter name="Value" type="Integer" paramflags="const" />
        </parameters>
      </procedure>
      <procedure name="SetPrintName" visibility="protected">
        <parameters>
          <parameter name="Value" type="string" paramflags="const" />
        </parameters>
      </procedure>
      <procedure name="SetRealType" visibility="protected">
        <parameters>
          <parameter name="Value" type="TTemplateType" paramflags="const" />
        </parameters>
      </procedure>
      <procedure name="ClearBackup" visibility="protected">
        <parameters>
          <parameter name="ClearItemIENs" type="Boolean">
            <value>
              True
            </value>
          </parameter>
        </parameters>
      </procedure>
      <procedure name="SetDescription" visibility="protected">
        <parameters>
          <parameter name="Value" type="string" paramflags="const" />
        </parameters>
      </procedure>
      <function name="CreateDynFields" visibility="protected">
        <parameters>
          <parameter name="BoilerPlate" type="string" />
          <retval type="string" />
        </parameters>
      </function>
      <function name="GetDialogAborted" visibility="protected">
        <parameters>
          <retval type="Boolean" />
        </parameters>
      </function>
      <procedure name="SetReminderDialog" visibility="protected">
        <parameters>
          <parameter name="Value" type="string" paramflags="const" />
        </parameters>
      </procedure>
      <function name="ValidID" visibility="protected">
        <parameters>
          <retval type="Boolean" />
        </parameters>
      </function>
      <constructor name="Create" visibility="public">
        <parameters>
          <parameter name="DataString" type="string" />
        </parameters>
      </constructor>
      <function name="CreateFromXML" visibility="public" procflags="class">
        <parameters>
          <parameter name="Element" type="IXMLDOMNode" />
          <parameter name="Owner" type="string" />
          <retval type="TTemplate" />
        </parameters>
      </function>
      <destructor name="Destroy" visibility="public">
        <parameters>
        </parameters>
      </destructor>
      <function name="CanModify" visibility="public">
        <parameters>
          <retval type="Boolean" />
        </parameters>
      </function>
      <procedure name="Unlock" visibility="public">
      </procedure>
      <procedure name="AddNode" visibility="public">
        <parameters>
          <parameter name="Node" type="Pointer" />
        </parameters>
      </procedure>
      <procedure name="RemoveNode" visibility="public">
        <parameters>
          <parameter name="Node" type="Pointer" />
        </parameters>
      </procedure>
      <procedure name="AddChild" visibility="public">
        <parameters>
          <parameter name="Child" type="TTemplate" />
        </parameters>
      </procedure>
      <procedure name="RemoveChild" visibility="public">
        <parameters>
          <parameter name="Child" type="TTemplate" />
        </parameters>
      </procedure>
      <function name="Clone" visibility="public">
        <parameters>
          <parameter name="Owner" type="Int64" />
          <retval type="TTemplate" />
        </parameters>
      </function>
      <function name="ItemBoilerplate" visibility="public">
        <parameters>
          <retval type="string" />
        </parameters>
      </function>
      <function name="FullBoilerplate" visibility="public">
        <parameters>
          <retval type="string" />
        </parameters>
      </function>
      <function name="ItemIENs" visibility="public">
        <parameters>
          <retval type="string" />
        </parameters>
      </function>
      <procedure name="BackupItems" visibility="public">
      </procedure>
      <procedure name="SortChildren" visibility="public">
      </procedure>
      <function name="Changed" visibility="public">
        <parameters>
          <retval type="Boolean" />
        </parameters>
      </function>
      <function name="DialogProperties" visibility="public">
        <parameters>
          <parameter name="Parent" type="TTemplate">
            <value>
              nil
            </value>
          </parameter>
          <retval type="string" />
        </parameters>
      </function>
      <function name="DlgID" visibility="public">
        <parameters>
          <retval type="string" />
        </parameters>
      </function>
      <function name="IsDialog" visibility="public">
        <parameters>
          <retval type="Boolean" />
        </parameters>
      </function>
      <function name="CanExportXML" visibility="public">
        <parameters>
          <parameter name="Data" type="TStringList" />
          <parameter name="Fields" type="TStringList" />
          <parameter name="IndentLevel" type="Integer">
            <value>
              $0
            </value>
          </parameter>
          <retval type="Boolean" />
        </parameters>
      </function>
      <function name="ReminderDialogIEN" visibility="public">
        <parameters>
          <retval type="string" />
        </parameters>
      </function>
      <function name="ReminderDialogName" visibility="public">
        <parameters>
          <retval type="string" />
        </parameters>
      </function>
      <function name="IsLocked" visibility="public">
        <parameters>
          <retval type="Boolean" />
        </parameters>
      </function>
      <procedure name="UpdateImportedFieldNames" visibility="public">
        <parameters>
          <parameter name="List" type="TStrings" />
        </parameters>
      </procedure>
      <property name="Nodes" visibility="public" read="FNodes" type="TStringList" />
      <property name="ID" visibility="public" read="FID" type="string" />
      <property name="PrintName" visibility="public" read="FPrintName" write="SetPrintName" type="string" />
      <property name="RealType" visibility="public" read="FRealType" write="SetRealType" type="TTemplateType" />
      <property name="TemplateType" visibility="public" read="GetTemplateType" write="SetTemplateType" type="TTemplateType" />
      <property name="Active" visibility="public" read="FActive" write="SetActive" type="Boolean" />
      <property name="DisplayOnly" visibility="public" read="FDisplayOnly" write="SetDisplayOnly" type="Boolean" />
      <property name="FirstLine" visibility="public" read="FFirstLine" write="SetFirstLine" type="Boolean" />
      <property name="OneItemOnly" visibility="public" read="FOneItemOnly" write="SetOneItemOnly" type="Boolean" />
      <property name="HideDlgItems" visibility="public" read="FHideDlgItems" write="SetHideDlgItems" type="Boolean" />
      <property name="HideItems" visibility="public" read="FHideItems" write="SetHideItems" type="Boolean" />
      <property name="IndentItems" visibility="public" read="FIndentItems" write="SetIndentItems" type="Boolean" />
      <property name="Lock" visibility="public" read="FLock" write="SetLock" type="Boolean" />
      <property name="Exclude" visibility="public" read="FExclude" write="SetExclude" type="Boolean" />
      <property name="Dialog" visibility="public" read="FDialog" write="SetDialog" type="Boolean" />
      <property name="Boilerplate" visibility="public" read="GetBoilerplate" write="SetBoilerplate" type="string" />
      <property name="Children" visibility="public" read="GetChildren" type="TTemplateChildren" />
      <property name="Items" visibility="public" read="GetItems" type="TList" />
      <property name="Gap" visibility="public" read="FGap" write="SetGap" type="Integer" />
      <property name="Text" visibility="public" read="GetText" type="string" />
      <property name="PersonalOwner" visibility="public" read="FPersonalOwner" write="SetPersonalOwner" type="Int64" />
      <property name="Expanded" visibility="public" read="FExpanded" write="FExpanded" type="Boolean" />
      <property name="Tag" visibility="public" read="FTag" write="FTag" type="Integer" />
      <property name="LastTagIndex" visibility="public" read="FLastTagIndex" write="FLastTagIndex" type="Integer" />
      <property name="DialogAborted" visibility="public" read="GetDialogAborted" type="Boolean" />
      <property name="ReminderDialog" visibility="public" read="FReminderDialog" write="SetReminderDialog" type="string" />
      <property name="IsReminderDialog" visibility="public" read="FIsReminderDialog" write="FIsReminderDialog" type="Boolean" />
      <property name="Locked" visibility="public" read="FLocked" type="Boolean" />
    </members>
  </class>
  <const name="EmptyNodeText" type="string">
    <value>
      &lt;^Empty Node^&gt;
    </value>
  </const>
  <const name="NewTemplateName" type="string">
    <value>
      New Template
    </value>
  </const>
  <const name="FirstRealTemplateType" type="TTemplateType">
    <value>
      ttMyRoot
    </value>
  </const>
  <const name="LastRealTemplateType" type="TTemplateType">
    <value>
      ttGroup
    </value>
  </const>
  <variable name="TemplateTypeCodes" visibility="public" />
  <const name="BadNameText" type="string">
    <value>
      



Valid Template names must start with an alphanumber character, and be at least 3 characters in length.

In addition, no template can be named &quot;New Template&quot;.
    </value>
  </const>
  <const name="TemplateLockedText" type="string">
    <value>
      Template %%s is currently being edited by another user.
    </value>
  </const>
  <const name="XMLTemplateTag" type="string">
    <value>
      TEMPLATE
    </value>
  </const>
  <const name="XMLTemplateFieldsTag" type="string">
    <value>
      TEMPLATE_FIELDS
    </value>
  </const>
  <const name="XMLHeader" type="string">
    <value>
      CPRS_TEMPLATE
    </value>
  </const>
  <variable name="Templates" type="TStringList" visibility="public" />
  <variable name="RootTemplate" type="TTemplate" visibility="public" />
  <variable name="MyTemplate" type="TTemplate" visibility="public" />
  <function name="SearchMatch" visibility="public">
    <parameters>
      <parameter name="SubStr" type="string" paramflags="const" />
      <parameter name="Str" type="string" paramflags="const" />
      <parameter name="WholeWordsOnly" type="Boolean" paramflags="const" />
      <retval type="Boolean" />
    </parameters>
  </function>
  <function name="AddTemplate" visibility="public">
    <parameters>
      <parameter name="DataString" type="string" />
      <parameter name="Owner" type="TTemplate">
        <value>
          nil
        </value>
      </parameter>
      <retval type="TTemplate" />
    </parameters>
  </function>
  <procedure name="ReleaseTemplates" visibility="public">
  </procedure>
  <procedure name="RemoveAllNodes" visibility="public">
  </procedure>
  <function name="BackupDiffers" visibility="public">
    <parameters>
      <retval type="Boolean" />
    </parameters>
  </function>
  <procedure name="ClearBackup" visibility="public">
  </procedure>
  <procedure name="MarkDeleted" visibility="public">
    <parameters>
      <parameter name="Template" type="TTemplate" />
    </parameters>
  </procedure>
  <function name="BadTemplateName" visibility="public">
    <parameters>
      <parameter name="Text" type="string" />
      <retval type="Boolean" />
    </parameters>
  </function>
  <procedure name="WordImportError" visibility="public">
    <parameters>
      <parameter name="msg" type="string" />
    </parameters>
  </procedure>
  <procedure name="XMLImportError" visibility="public">
    <parameters>
      <parameter name="Result" type="HRESULT" />
    </parameters>
  </procedure>
  <procedure name="XMLImportCheck" visibility="public">
    <parameters>
      <parameter name="Result" type="HRESULT" />
    </parameters>
  </procedure>
  <procedure name="UnlockAllTemplates" visibility="public">
  </procedure>
</namespace>
