﻿<?xml version="1.0" encoding="utf-8"?>
<namespace name="XMLUtils">
  <function name="Text2XML" visibility="public">
    <parameters>
      <parameter name="AText" type="string" paramflags="const" />
      <retval type="string" />
    </parameters>
  </function>
  <function name="FindXMLElementValue" visibility="public">
    <parameters>
      <parameter name="Element" type="IXMLDOMNode" />
      <parameter name="ElementTag" type="string" />
      <retval type="string" />
    </parameters>
  </function>
  <function name="FindXMLElement" visibility="public">
    <parameters>
      <parameter name="Element" type="IXMLDOMNode" />
      <parameter name="ElementTag" type="string" />
      <retval type="IXMLDOMNode" />
    </parameters>
  </function>
  <function name="FindXMLAttributeValue" visibility="public">
    <parameters>
      <parameter name="Element" type="IXMLDOMNode" />
      <parameter name="AttributeTag" type="string" />
      <retval type="string" />
    </parameters>
  </function>
  <function name="GetXMLWPText" visibility="public">
    <parameters>
      <parameter name="Element" type="IXMLDOMNode" />
      <retval type="string" />
    </parameters>
  </function>
</namespace>
