﻿<?xml version="1.0" encoding="utf-8"?>
<namespace name="hh">
  <variable name="HHCtrlHandle" type="Cardinal" visibility="public" />
  <variable name="AutoLoadAPI" type="Boolean" visibility="public" />
  <const name="hhctrlLib" type="string">
    <value>
      hhctrl.ocx
    </value>
  </const>
  <variable name="HtmlHelpA" />
  <variable name="HtmlHelpW" />
  <variable name="HtmlHelp" />
  <const name="ATOM_HTMLHELP_API_ANSI" type="Integer">
    <value>
      $E
    </value>
  </const>
  <const name="ATOM_HTMLHELP_API_UNICODE" type="Integer">
    <value>
      $F
    </value>
  </const>
  <const name="HH_DISPLAY_TOPIC" type="Integer">
    <value>
      $0
    </value>
  </const>
  <const name="HH_HELP_FINDER" type="Integer">
    <value>
      $0
    </value>
  </const>
  <const name="HH_DISPLAY_TOC" type="Integer">
    <value>
      $1
    </value>
  </const>
  <const name="HH_DISPLAY_INDEX" type="Integer">
    <value>
      $2
    </value>
  </const>
  <const name="HH_DISPLAY_SEARCH" type="Integer">
    <value>
      $3
    </value>
  </const>
  <const name="HH_SET_WIN_TYPE" type="Integer">
    <value>
      $4
    </value>
  </const>
  <const name="HH_GET_WIN_TYPE" type="Integer">
    <value>
      $5
    </value>
  </const>
  <const name="HH_GET_WIN_HANDLE" type="Integer">
    <value>
      $6
    </value>
  </const>
  <const name="HH_ENUM_INFO_TYPE" type="Integer">
    <value>
      $7
    </value>
  </const>
  <const name="HH_SET_INFO_TYPE" type="Integer">
    <value>
      $8
    </value>
  </const>
  <const name="HH_SYNC" type="Integer">
    <value>
      $9
    </value>
  </const>
  <const name="HH_RESERVED1" type="Integer">
    <value>
      $A
    </value>
  </const>
  <const name="HH_RESERVED2" type="Integer">
    <value>
      $B
    </value>
  </const>
  <const name="HH_RESERVED3" type="Integer">
    <value>
      $C
    </value>
  </const>
  <const name="HH_KEYWORD_LOOKUP" type="Integer">
    <value>
      $D
    </value>
  </const>
  <const name="HH_DISPLAY_TEXT_POPUP" type="Integer">
    <value>
      $E
    </value>
  </const>
  <const name="HH_HELP_CONTEXT" type="Integer">
    <value>
      $F
    </value>
  </const>
  <const name="HH_TP_HELP_CONTEXTMENU" type="Integer">
    <value>
      $10
    </value>
  </const>
  <const name="HH_TP_HELP_WM_HELP" type="Integer">
    <value>
      $11
    </value>
  </const>
  <const name="HH_CLOSE_ALL" type="Integer">
    <value>
      $12
    </value>
  </const>
  <const name="HH_ALINK_LOOKUP" type="Integer">
    <value>
      $13
    </value>
  </const>
  <const name="HH_GET_LAST_ERROR" type="Integer">
    <value>
      $14
    </value>
  </const>
  <const name="HH_ENUM_CATEGORY" type="Integer">
    <value>
      $15
    </value>
  </const>
  <const name="HH_ENUM_CATEGORY_IT" type="Integer">
    <value>
      $16
    </value>
  </const>
  <const name="HH_RESET_IT_FILTER" type="Integer">
    <value>
      $17
    </value>
  </const>
  <const name="HH_SET_INCLUSIVE_FILTER" type="Integer">
    <value>
      $18
    </value>
  </const>
  <const name="HH_SET_EXCLUSIVE_FILTER" type="Integer">
    <value>
      $19
    </value>
  </const>
  <const name="HH_INITIALIZE" type="Integer">
    <value>
      $1C
    </value>
  </const>
  <const name="HH_UNINITIALIZE" type="Integer">
    <value>
      $1D
    </value>
  </const>
  <const name="HH_PRETRANSLATEMESSAGE" type="Integer">
    <value>
      $FD
    </value>
  </const>
  <const name="HH_SET_GLOBAL_PROPERTY" type="Integer">
    <value>
      $FC
    </value>
  </const>
  <const name="HHWIN_PROP_TAB_AUTOHIDESHOW" type="Integer">
    <value>
      $1
    </value>
  </const>
  <const name="HHWIN_PROP_ONTOP" type="Integer">
    <value>
      $2
    </value>
  </const>
  <const name="HHWIN_PROP_NOTITLEBAR" type="Integer">
    <value>
      $4
    </value>
  </const>
  <const name="HHWIN_PROP_NODEF_STYLES" type="Integer">
    <value>
      $8
    </value>
  </const>
  <const name="HHWIN_PROP_NODEF_EXSTYLES" type="Integer">
    <value>
      $10
    </value>
  </const>
  <const name="HHWIN_PROP_TRI_PANE" type="Integer">
    <value>
      $20
    </value>
  </const>
  <const name="HHWIN_PROP_NOTB_TEXT" type="Integer">
    <value>
      $40
    </value>
  </const>
  <const name="HHWIN_PROP_POST_QUIT" type="Integer">
    <value>
      $80
    </value>
  </const>
  <const name="HHWIN_PROP_AUTO_SYNC" type="Integer">
    <value>
      $100
    </value>
  </const>
  <const name="HHWIN_PROP_TRACKING" type="Integer">
    <value>
      $200
    </value>
  </const>
  <const name="HHWIN_PROP_TAB_SEARCH" type="Integer">
    <value>
      $400
    </value>
  </const>
  <const name="HHWIN_PROP_TAB_HISTORY" type="Integer">
    <value>
      $800
    </value>
  </const>
  <const name="HHWIN_PROP_TAB_FAVORITES" type="Integer">
    <value>
      $1000
    </value>
  </const>
  <const name="HHWIN_PROP_CHANGE_TITLE" type="Integer">
    <value>
      $2000
    </value>
  </const>
  <const name="HHWIN_PROP_NAV_ONLY_WIN" type="Integer">
    <value>
      $4000
    </value>
  </const>
  <const name="HHWIN_PROP_NO_TOOLBAR" type="Integer">
    <value>
      $8000
    </value>
  </const>
  <const name="HHWIN_PROP_MENU" type="Integer">
    <value>
      $10000
    </value>
  </const>
  <const name="HHWIN_PROP_TAB_ADVSEARCH" type="Integer">
    <value>
      $20000
    </value>
  </const>
  <const name="HHWIN_PROP_USER_POS" type="Integer">
    <value>
      $40000
    </value>
  </const>
  <const name="HHWIN_PROP_TAB_CUSTOM1" type="Integer">
    <value>
      $80000
    </value>
  </const>
  <const name="HHWIN_PROP_TAB_CUSTOM2" type="Integer">
    <value>
      $100000
    </value>
  </const>
  <const name="HHWIN_PROP_TAB_CUSTOM3" type="Integer">
    <value>
      $200000
    </value>
  </const>
  <const name="HHWIN_PROP_TAB_CUSTOM4" type="Integer">
    <value>
      $400000
    </value>
  </const>
  <const name="HHWIN_PROP_TAB_CUSTOM5" type="Integer">
    <value>
      $800000
    </value>
  </const>
  <const name="HHWIN_PROP_TAB_CUSTOM6" type="Integer">
    <value>
      $1000000
    </value>
  </const>
  <const name="HHWIN_PROP_TAB_CUSTOM7" type="Integer">
    <value>
      $2000000
    </value>
  </const>
  <const name="HHWIN_PROP_TAB_CUSTOM8" type="Integer">
    <value>
      $4000000
    </value>
  </const>
  <const name="HHWIN_PROP_TAB_CUSTOM9" type="Integer">
    <value>
      $8000000
    </value>
  </const>
  <const name="HHWIN_TB_MARGIN" type="Integer">
    <value>
      $10000000
    </value>
  </const>
  <const name="HHWIN_PARAM_PROPERTIES" type="Integer">
    <value>
      $2
    </value>
  </const>
  <const name="HHWIN_PARAM_STYLES" type="Integer">
    <value>
      $4
    </value>
  </const>
  <const name="HHWIN_PARAM_EXSTYLES" type="Integer">
    <value>
      $8
    </value>
  </const>
  <const name="HHWIN_PARAM_RECT" type="Integer">
    <value>
      $10
    </value>
  </const>
  <const name="HHWIN_PARAM_NAV_WIDTH" type="Integer">
    <value>
      $20
    </value>
  </const>
  <const name="HHWIN_PARAM_SHOWSTATE" type="Integer">
    <value>
      $40
    </value>
  </const>
  <const name="HHWIN_PARAM_INFOTYPES" type="Integer">
    <value>
      $80
    </value>
  </const>
  <const name="HHWIN_PARAM_TB_FLAGS" type="Integer">
    <value>
      $100
    </value>
  </const>
  <const name="HHWIN_PARAM_EXPANSION" type="Integer">
    <value>
      $200
    </value>
  </const>
  <const name="HHWIN_PARAM_TABPOS" type="Integer">
    <value>
      $400
    </value>
  </const>
  <const name="HHWIN_PARAM_TABORDER" type="Integer">
    <value>
      $800
    </value>
  </const>
  <const name="HHWIN_PARAM_HISTORY_COUNT" type="Integer">
    <value>
      $1000
    </value>
  </const>
  <const name="HHWIN_PARAM_CUR_TAB" type="Integer">
    <value>
      $2000
    </value>
  </const>
  <const name="HHWIN_BUTTON_EXPAND" type="Integer">
    <value>
      $2
    </value>
  </const>
  <const name="HHWIN_BUTTON_BACK" type="Integer">
    <value>
      $4
    </value>
  </const>
  <const name="HHWIN_BUTTON_FORWARD" type="Integer">
    <value>
      $8
    </value>
  </const>
  <const name="HHWIN_BUTTON_STOP" type="Integer">
    <value>
      $10
    </value>
  </const>
  <const name="HHWIN_BUTTON_REFRESH" type="Integer">
    <value>
      $20
    </value>
  </const>
  <const name="HHWIN_BUTTON_HOME" type="Integer">
    <value>
      $40
    </value>
  </const>
  <const name="HHWIN_BUTTON_BROWSE_FWD" type="Integer">
    <value>
      $80
    </value>
  </const>
  <const name="HHWIN_BUTTON_BROWSE_BCK" type="Integer">
    <value>
      $100
    </value>
  </const>
  <const name="HHWIN_BUTTON_NOTES" type="Integer">
    <value>
      $200
    </value>
  </const>
  <const name="HHWIN_BUTTON_CONTENTS" type="Integer">
    <value>
      $400
    </value>
  </const>
  <const name="HHWIN_BUTTON_SYNC" type="Integer">
    <value>
      $800
    </value>
  </const>
  <const name="HHWIN_BUTTON_OPTIONS" type="Integer">
    <value>
      $1000
    </value>
  </const>
  <const name="HHWIN_BUTTON_PRINT" type="Integer">
    <value>
      $2000
    </value>
  </const>
  <const name="HHWIN_BUTTON_INDEX" type="Integer">
    <value>
      $4000
    </value>
  </const>
  <const name="HHWIN_BUTTON_SEARCH" type="Integer">
    <value>
      $8000
    </value>
  </const>
  <const name="HHWIN_BUTTON_HISTORY" type="Integer">
    <value>
      $10000
    </value>
  </const>
  <const name="HHWIN_BUTTON_FAVORITES" type="Integer">
    <value>
      $20000
    </value>
  </const>
  <const name="HHWIN_BUTTON_JUMP1" type="Integer">
    <value>
      $40000
    </value>
  </const>
  <const name="HHWIN_BUTTON_JUMP2" type="Integer">
    <value>
      $80000
    </value>
  </const>
  <const name="HHWIN_BUTTON_ZOOM" type="Integer">
    <value>
      $100000
    </value>
  </const>
  <const name="HHWIN_BUTTON_TOC_NEXT" type="Integer">
    <value>
      $200000
    </value>
  </const>
  <const name="HHWIN_BUTTON_TOC_PREV" type="Integer">
    <value>
      $400000
    </value>
  </const>
  <const name="HHWIN_DEF_BUTTONS" type="Integer">
    <value>
      $3006
    </value>
  </const>
  <const name="IDTB_EXPAND" type="Integer">
    <value>
      $C8
    </value>
  </const>
  <const name="IDTB_CONTRACT" type="Integer">
    <value>
      $C9
    </value>
  </const>
  <const name="IDTB_STOP" type="Integer">
    <value>
      $CA
    </value>
  </const>
  <const name="IDTB_REFRESH" type="Integer">
    <value>
      $CB
    </value>
  </const>
  <const name="IDTB_BACK" type="Integer">
    <value>
      $CC
    </value>
  </const>
  <const name="IDTB_HOME" type="Integer">
    <value>
      $CD
    </value>
  </const>
  <const name="IDTB_SYNC" type="Integer">
    <value>
      $CE
    </value>
  </const>
  <const name="IDTB_PRINT" type="Integer">
    <value>
      $CF
    </value>
  </const>
  <const name="IDTB_OPTIONS" type="Integer">
    <value>
      $D0
    </value>
  </const>
  <const name="IDTB_FORWARD" type="Integer">
    <value>
      $D1
    </value>
  </const>
  <const name="IDTB_NOTES" type="Integer">
    <value>
      $D2
    </value>
  </const>
  <const name="IDTB_BROWSE_FWD" type="Integer">
    <value>
      $D3
    </value>
  </const>
  <const name="IDTB_BROWSE_BACK" type="Integer">
    <value>
      $D4
    </value>
  </const>
  <const name="IDTB_CONTENTS" type="Integer">
    <value>
      $D5
    </value>
  </const>
  <const name="IDTB_INDEX" type="Integer">
    <value>
      $D6
    </value>
  </const>
  <const name="IDTB_SEARCH" type="Integer">
    <value>
      $D7
    </value>
  </const>
  <const name="IDTB_HISTORY" type="Integer">
    <value>
      $D8
    </value>
  </const>
  <const name="IDTB_FAVORITES" type="Integer">
    <value>
      $D9
    </value>
  </const>
  <const name="IDTB_JUMP1" type="Integer">
    <value>
      $DA
    </value>
  </const>
  <const name="IDTB_JUMP2" type="Integer">
    <value>
      $DB
    </value>
  </const>
  <const name="IDTB_CUSTOMIZE" type="Integer">
    <value>
      $DD
    </value>
  </const>
  <const name="IDTB_ZOOM" type="Integer">
    <value>
      $DE
    </value>
  </const>
  <const name="IDTB_TOC_NEXT" type="Integer">
    <value>
      $DF
    </value>
  </const>
  <const name="IDTB_TOC_PREV" type="Integer">
    <value>
      $E0
    </value>
  </const>
  <const name="HHN_FIRST" type="Integer">
    <value>
      $FFFFFCA4
    </value>
  </const>
  <const name="HHN_LAST" type="Integer">
    <value>
      $FFFFFC91
    </value>
  </const>
  <const name="HHN_NAVCOMPLETE" type="Integer">
    <value>
      $FFFFFCA4
    </value>
  </const>
  <const name="HHN_TRACK" type="Integer">
    <value>
      $FFFFFCA3
    </value>
  </const>
  <const name="HHN_WINDOW_CREATE" type="Integer">
    <value>
      $FFFFFCA2
    </value>
  </const>
  <struct name="tagHH_LAST_ERROR" packed="true">
    <field name="cbStruct" type="Integer" visibility="public" />
    <field name="hr" type="Integer" visibility="public" />
    <field name="description" type="PWideChar" visibility="public" />
  </struct>
  <struct name="HH_LAST_ERROR" alias="tagHH_LAST_ERROR" namespace="hh" packed="true">
    <field name="cbStruct" type="Integer" visibility="public" />
    <field name="hr" type="Integer" visibility="public" />
    <field name="description" type="PWideChar" visibility="public" />
  </struct>
  <struct name="THHLastError" alias="tagHH_LAST_ERROR" namespace="hh" packed="true">
    <field name="cbStruct" type="Integer" visibility="public" />
    <field name="hr" type="Integer" visibility="public" />
    <field name="description" type="PWideChar" visibility="public" />
  </struct>
  <pointer name="PHHNNotify" type="tagHHN_NOTIFY" indircnt="1" />
  <struct name="tagHHN_NOTIFY" packed="true">
    <field name="hdr" type="tagNMHDR" visibility="public" />
    <field name="pszUrl" type="PAnsiChar" visibility="public" />
  </struct>
  <struct name="HHN_NOTIFY" alias="tagHHN_NOTIFY" namespace="hh" packed="true">
    <field name="hdr" type="tagNMHDR" visibility="public" />
    <field name="pszUrl" type="PAnsiChar" visibility="public" />
  </struct>
  <struct name="THHNNotify" alias="tagHHN_NOTIFY" namespace="hh" packed="true">
    <field name="hdr" type="tagNMHDR" visibility="public" />
    <field name="pszUrl" type="PAnsiChar" visibility="public" />
  </struct>
  <pointer name="PHHPopup" type="tagHH_POPUP" indircnt="1" />
  <struct name="tagHH_POPUP" packed="true">
    <field name="cbStruct" type="Integer" visibility="public" />
    <field name="hinst" type="Cardinal" visibility="public" />
    <field name="idString" type="Cardinal" visibility="public" />
    <field name="pszText" type="PAnsiChar" visibility="public" />
    <field name="pt" type="TPoint" visibility="public" />
    <field name="clrForeground" type="Cardinal" visibility="public" />
    <field name="clrBackground" type="Cardinal" visibility="public" />
    <field name="rcMargins" type="TRect" visibility="public" />
    <field name="pszFont" type="PAnsiChar" visibility="public" />
  </struct>
  <struct name="HH_POPUP" alias="tagHH_POPUP" namespace="hh" packed="true">
    <field name="cbStruct" type="Integer" visibility="public" />
    <field name="hinst" type="Cardinal" visibility="public" />
    <field name="idString" type="Cardinal" visibility="public" />
    <field name="pszText" type="PAnsiChar" visibility="public" />
    <field name="pt" type="TPoint" visibility="public" />
    <field name="clrForeground" type="Cardinal" visibility="public" />
    <field name="clrBackground" type="Cardinal" visibility="public" />
    <field name="rcMargins" type="TRect" visibility="public" />
    <field name="pszFont" type="PAnsiChar" visibility="public" />
  </struct>
  <struct name="THHPopup" alias="tagHH_POPUP" namespace="hh" packed="true">
    <field name="cbStruct" type="Integer" visibility="public" />
    <field name="hinst" type="Cardinal" visibility="public" />
    <field name="idString" type="Cardinal" visibility="public" />
    <field name="pszText" type="PAnsiChar" visibility="public" />
    <field name="pt" type="TPoint" visibility="public" />
    <field name="clrForeground" type="Cardinal" visibility="public" />
    <field name="clrBackground" type="Cardinal" visibility="public" />
    <field name="rcMargins" type="TRect" visibility="public" />
    <field name="pszFont" type="PAnsiChar" visibility="public" />
  </struct>
  <pointer name="PHHAKLink" type="tagHH_AKLINK" indircnt="1" />
  <struct name="tagHH_AKLINK" packed="true">
    <field name="cbStruct" type="Integer" visibility="public" />
    <field name="fReserved" type="LongBool" visibility="public" />
    <field name="pszKeywords" type="PAnsiChar" visibility="public" />
    <field name="pszUrl" type="PAnsiChar" visibility="public" />
    <field name="pszMsgText" type="PAnsiChar" visibility="public" />
    <field name="pszMsgTitle" type="PAnsiChar" visibility="public" />
    <field name="pszWindow" type="PAnsiChar" visibility="public" />
    <field name="fIndexOnFail" type="LongBool" visibility="public" />
  </struct>
  <struct name="HH_AKLINK" alias="tagHH_AKLINK" namespace="hh" packed="true">
    <field name="cbStruct" type="Integer" visibility="public" />
    <field name="fReserved" type="LongBool" visibility="public" />
    <field name="pszKeywords" type="PAnsiChar" visibility="public" />
    <field name="pszUrl" type="PAnsiChar" visibility="public" />
    <field name="pszMsgText" type="PAnsiChar" visibility="public" />
    <field name="pszMsgTitle" type="PAnsiChar" visibility="public" />
    <field name="pszWindow" type="PAnsiChar" visibility="public" />
    <field name="fIndexOnFail" type="LongBool" visibility="public" />
  </struct>
  <struct name="THHAKLink" alias="tagHH_AKLINK" namespace="hh" packed="true">
    <field name="cbStruct" type="Integer" visibility="public" />
    <field name="fReserved" type="LongBool" visibility="public" />
    <field name="pszKeywords" type="PAnsiChar" visibility="public" />
    <field name="pszUrl" type="PAnsiChar" visibility="public" />
    <field name="pszMsgText" type="PAnsiChar" visibility="public" />
    <field name="pszMsgTitle" type="PAnsiChar" visibility="public" />
    <field name="pszWindow" type="PAnsiChar" visibility="public" />
    <field name="fIndexOnFail" type="LongBool" visibility="public" />
  </struct>
  <const name="HHWIN_NAVTYPE_TOC" type="Integer">
    <value>
      $0
    </value>
  </const>
  <const name="HHWIN_NAVTYPE_INDEX" type="Integer">
    <value>
      $1
    </value>
  </const>
  <const name="HHWIN_NAVTYPE_SEARCH" type="Integer">
    <value>
      $2
    </value>
  </const>
  <const name="HHWIN_NAVTYPE_FAVORITES" type="Integer">
    <value>
      $3
    </value>
  </const>
  <const name="HHWIN_NAVTYPE_HISTORY" type="Integer">
    <value>
      $4
    </value>
  </const>
  <const name="HHWIN_NAVTYPE_AUTHOR" type="Integer">
    <value>
      $5
    </value>
  </const>
  <const name="HHWIN_NAVTYPE_CUSTOM_FIRST" type="Integer">
    <value>
      $B
    </value>
  </const>
  <const name="IT_INCLUSIVE" type="Integer">
    <value>
      $0
    </value>
  </const>
  <const name="IT_EXCLUSIVE" type="Integer">
    <value>
      $1
    </value>
  </const>
  <const name="IT_HIDDEN" type="Integer">
    <value>
      $2
    </value>
  </const>
  <pointer name="PHHEnumIT" type="tagHH_ENUM_IT" indircnt="1" />
  <struct name="tagHH_ENUM_IT" packed="true">
    <field name="cbStruct" type="Integer" visibility="public" />
    <field name="iType" type="Integer" visibility="public" />
    <field name="pszCatName" type="PAnsiChar" visibility="public" />
    <field name="pszITName" type="PAnsiChar" visibility="public" />
    <field name="pszITDescription" type="PAnsiChar" visibility="public" />
  </struct>
  <struct name="THHEnumIT" alias="tagHH_ENUM_IT" namespace="hh" packed="true">
    <field name="cbStruct" type="Integer" visibility="public" />
    <field name="iType" type="Integer" visibility="public" />
    <field name="pszCatName" type="PAnsiChar" visibility="public" />
    <field name="pszITName" type="PAnsiChar" visibility="public" />
    <field name="pszITDescription" type="PAnsiChar" visibility="public" />
  </struct>
  <pointer name="PHHEnumCat" type="tagHH_ENUM_CAT" indircnt="1" />
  <struct name="tagHH_ENUM_CAT" packed="true">
    <field name="cbStruct" type="Integer" visibility="public" />
    <field name="pszCatName" type="PAnsiChar" visibility="public" />
    <field name="pszCatDescription" type="PAnsiChar" visibility="public" />
  </struct>
  <struct name="THHEnumCat" alias="tagHH_ENUM_CAT" namespace="hh" packed="true">
    <field name="cbStruct" type="Integer" visibility="public" />
    <field name="pszCatName" type="PAnsiChar" visibility="public" />
    <field name="pszCatDescription" type="PAnsiChar" visibility="public" />
  </struct>
  <pointer name="PHHSetInfoType" type="tagHH_SET_INFOTYPE" indircnt="1" />
  <struct name="tagHH_SET_INFOTYPE" packed="true">
    <field name="cbStruct" type="Integer" visibility="public" />
    <field name="pszCatName" type="PAnsiChar" visibility="public" />
    <field name="pszInfoTypeName" type="PAnsiChar" visibility="public" />
  </struct>
  <struct name="THHSetInfoType" alias="tagHH_SET_INFOTYPE" namespace="hh" packed="true">
    <field name="cbStruct" type="Integer" visibility="public" />
    <field name="pszCatName" type="PAnsiChar" visibility="public" />
    <field name="pszInfoTypeName" type="PAnsiChar" visibility="public" />
  </struct>
  <pointer name="PHHInfoType" type="Cardinal" indircnt="1" />
  <const name="HHWIN_NAVTAB_TOP" type="Integer">
    <value>
      $0
    </value>
  </const>
  <const name="HHWIN_NAVTAB_LEFT" type="Integer">
    <value>
      $1
    </value>
  </const>
  <const name="HHWIN_NAVTAB_BOTTOM" type="Integer">
    <value>
      $2
    </value>
  </const>
  <const name="HH_MAX_TABS" type="Integer">
    <value>
      $13
    </value>
  </const>
  <const name="HH_TAB_CONTENTS" type="Integer">
    <value>
      $0
    </value>
  </const>
  <const name="HH_TAB_INDEX" type="Integer">
    <value>
      $1
    </value>
  </const>
  <const name="HH_TAB_SEARCH" type="Integer">
    <value>
      $2
    </value>
  </const>
  <const name="HH_TAB_FAVORITES" type="Integer">
    <value>
      $3
    </value>
  </const>
  <const name="HH_TAB_HISTORY" type="Integer">
    <value>
      $4
    </value>
  </const>
  <const name="HH_TAB_AUTHOR" type="Integer">
    <value>
      $5
    </value>
  </const>
  <const name="HH_TAB_CUSTOM_FIRST" type="Integer">
    <value>
      $B
    </value>
  </const>
  <const name="HH_TAB_CUSTOM_LAST" type="Integer">
    <value>
      $13
    </value>
  </const>
  <const name="HH_MAX_TABS_CUSTOM" type="Integer">
    <value>
      $9
    </value>
  </const>
  <const name="HH_FTS_DEFAULT_PROXIMITY" type="Integer">
    <value>
      $FFFFFFFF
    </value>
  </const>
  <pointer name="PHHFtsQuery" type="tagHH_FTS_QUERY" indircnt="1" />
  <struct name="tagHH_FTS_QUERY" packed="true">
    <field name="cbStruct" type="Integer" visibility="public" />
    <field name="fUniCodeStrings" type="LongBool" visibility="public" />
    <field name="pszSearchQuery" type="PAnsiChar" visibility="public" />
    <field name="iProximity" type="Integer" visibility="public" />
    <field name="fStemmedSearch" type="LongBool" visibility="public" />
    <field name="fTitleOnly" type="LongBool" visibility="public" />
    <field name="fExecute" type="LongBool" visibility="public" />
    <field name="pszWindow" type="PAnsiChar" visibility="public" />
  </struct>
  <struct name="THHFtsQuery" alias="tagHH_FTS_QUERY" namespace="hh" packed="true">
    <field name="cbStruct" type="Integer" visibility="public" />
    <field name="fUniCodeStrings" type="LongBool" visibility="public" />
    <field name="pszSearchQuery" type="PAnsiChar" visibility="public" />
    <field name="iProximity" type="Integer" visibility="public" />
    <field name="fStemmedSearch" type="LongBool" visibility="public" />
    <field name="fTitleOnly" type="LongBool" visibility="public" />
    <field name="fExecute" type="LongBool" visibility="public" />
    <field name="pszWindow" type="PAnsiChar" visibility="public" />
  </struct>
  <pointer name="PHHWinType" type="tagHH_WINTYPE" indircnt="1" />
  <struct name="tagHH_WINTYPE" packed="true">
    <field name="cbStruct" type="Integer" visibility="public" />
    <field name="fUniCodeStrings" type="LongBool" visibility="public" />
    <field name="pszType" type="PAnsiChar" visibility="public" />
    <field name="fsValidMembers" type="Cardinal" visibility="public" />
    <field name="fsWinProperties" type="Cardinal" visibility="public" />
    <field name="pszCaption" type="PAnsiChar" visibility="public" />
    <field name="dwStyles" type="Cardinal" visibility="public" />
    <field name="dwExStyles" type="Cardinal" visibility="public" />
    <field name="rcWindowPos" type="TRect" visibility="public" />
    <field name="nShowState" type="Integer" visibility="public" />
    <field name="hwndHelp" type="HWND" visibility="public" />
    <field name="hwndCaller" type="HWND" visibility="public" />
    <field name="paInfoTypes" type="PHHInfoType" visibility="public" />
    <field name="hwndToolBar" type="HWND" visibility="public" />
    <field name="hwndNavigation" type="HWND" visibility="public" />
    <field name="hwndHTML" type="HWND" visibility="public" />
    <field name="iNavWidth" type="Integer" visibility="public" />
    <field name="rcHTML" type="TRect" visibility="public" />
    <field name="pszToc" type="PAnsiChar" visibility="public" />
    <field name="pszIndex" type="PAnsiChar" visibility="public" />
    <field name="pszFile" type="PAnsiChar" visibility="public" />
    <field name="pszHome" type="PAnsiChar" visibility="public" />
    <field name="fsToolBarFlags" type="Cardinal" visibility="public" />
    <field name="fNotExpanded" type="LongBool" visibility="public" />
    <field name="curNavType" type="Integer" visibility="public" />
    <field name="tabpos" type="Integer" visibility="public" />
    <field name="idNotify" type="Integer" visibility="public" />
    <field name="tabOrder" visibility="public">
      <array name="tabOrder" low="0" high="19">
        <element type="Byte" />
      </array>
    </field>
    <field name="cHistory" type="Integer" visibility="public" />
    <field name="pszJump1" type="PAnsiChar" visibility="public" />
    <field name="pszJump2" type="PAnsiChar" visibility="public" />
    <field name="pszUrlJump1" type="PAnsiChar" visibility="public" />
    <field name="pszUrlJump2" type="PAnsiChar" visibility="public" />
    <field name="rcMinSize" type="TRect" visibility="public" />
    <field name="cbInfoTypes" type="Integer" visibility="public" />
    <field name="pszCustomTabs" type="PAnsiChar" visibility="public" />
  </struct>
  <struct name="HH_WINTYPE" alias="tagHH_WINTYPE" namespace="hh" packed="true">
    <field name="cbStruct" type="Integer" visibility="public" />
    <field name="fUniCodeStrings" type="LongBool" visibility="public" />
    <field name="pszType" type="PAnsiChar" visibility="public" />
    <field name="fsValidMembers" type="Cardinal" visibility="public" />
    <field name="fsWinProperties" type="Cardinal" visibility="public" />
    <field name="pszCaption" type="PAnsiChar" visibility="public" />
    <field name="dwStyles" type="Cardinal" visibility="public" />
    <field name="dwExStyles" type="Cardinal" visibility="public" />
    <field name="rcWindowPos" type="TRect" visibility="public" />
    <field name="nShowState" type="Integer" visibility="public" />
    <field name="hwndHelp" type="HWND" visibility="public" />
    <field name="hwndCaller" type="HWND" visibility="public" />
    <field name="paInfoTypes" type="PHHInfoType" visibility="public" />
    <field name="hwndToolBar" type="HWND" visibility="public" />
    <field name="hwndNavigation" type="HWND" visibility="public" />
    <field name="hwndHTML" type="HWND" visibility="public" />
    <field name="iNavWidth" type="Integer" visibility="public" />
    <field name="rcHTML" type="TRect" visibility="public" />
    <field name="pszToc" type="PAnsiChar" visibility="public" />
    <field name="pszIndex" type="PAnsiChar" visibility="public" />
    <field name="pszFile" type="PAnsiChar" visibility="public" />
    <field name="pszHome" type="PAnsiChar" visibility="public" />
    <field name="fsToolBarFlags" type="Cardinal" visibility="public" />
    <field name="fNotExpanded" type="LongBool" visibility="public" />
    <field name="curNavType" type="Integer" visibility="public" />
    <field name="tabpos" type="Integer" visibility="public" />
    <field name="idNotify" type="Integer" visibility="public" />
    <field name="tabOrder" visibility="public">
      <array name="tabOrder" low="0" high="19">
        <element type="Byte" />
      </array>
    </field>
    <field name="cHistory" type="Integer" visibility="public" />
    <field name="pszJump1" type="PAnsiChar" visibility="public" />
    <field name="pszJump2" type="PAnsiChar" visibility="public" />
    <field name="pszUrlJump1" type="PAnsiChar" visibility="public" />
    <field name="pszUrlJump2" type="PAnsiChar" visibility="public" />
    <field name="rcMinSize" type="TRect" visibility="public" />
    <field name="cbInfoTypes" type="Integer" visibility="public" />
    <field name="pszCustomTabs" type="PAnsiChar" visibility="public" />
  </struct>
  <struct name="THHWinType" alias="tagHH_WINTYPE" namespace="hh" packed="true">
    <field name="cbStruct" type="Integer" visibility="public" />
    <field name="fUniCodeStrings" type="LongBool" visibility="public" />
    <field name="pszType" type="PAnsiChar" visibility="public" />
    <field name="fsValidMembers" type="Cardinal" visibility="public" />
    <field name="fsWinProperties" type="Cardinal" visibility="public" />
    <field name="pszCaption" type="PAnsiChar" visibility="public" />
    <field name="dwStyles" type="Cardinal" visibility="public" />
    <field name="dwExStyles" type="Cardinal" visibility="public" />
    <field name="rcWindowPos" type="TRect" visibility="public" />
    <field name="nShowState" type="Integer" visibility="public" />
    <field name="hwndHelp" type="HWND" visibility="public" />
    <field name="hwndCaller" type="HWND" visibility="public" />
    <field name="paInfoTypes" type="PHHInfoType" visibility="public" />
    <field name="hwndToolBar" type="HWND" visibility="public" />
    <field name="hwndNavigation" type="HWND" visibility="public" />
    <field name="hwndHTML" type="HWND" visibility="public" />
    <field name="iNavWidth" type="Integer" visibility="public" />
    <field name="rcHTML" type="TRect" visibility="public" />
    <field name="pszToc" type="PAnsiChar" visibility="public" />
    <field name="pszIndex" type="PAnsiChar" visibility="public" />
    <field name="pszFile" type="PAnsiChar" visibility="public" />
    <field name="pszHome" type="PAnsiChar" visibility="public" />
    <field name="fsToolBarFlags" type="Cardinal" visibility="public" />
    <field name="fNotExpanded" type="LongBool" visibility="public" />
    <field name="curNavType" type="Integer" visibility="public" />
    <field name="tabpos" type="Integer" visibility="public" />
    <field name="idNotify" type="Integer" visibility="public" />
    <field name="tabOrder" visibility="public">
      <array name="tabOrder" low="0" high="19">
        <element type="Byte" />
      </array>
    </field>
    <field name="cHistory" type="Integer" visibility="public" />
    <field name="pszJump1" type="PAnsiChar" visibility="public" />
    <field name="pszJump2" type="PAnsiChar" visibility="public" />
    <field name="pszUrlJump1" type="PAnsiChar" visibility="public" />
    <field name="pszUrlJump2" type="PAnsiChar" visibility="public" />
    <field name="rcMinSize" type="TRect" visibility="public" />
    <field name="cbInfoTypes" type="Integer" visibility="public" />
    <field name="pszCustomTabs" type="PAnsiChar" visibility="public" />
  </struct>
  <const name="HHACT_TAB_CONTENTS" type="Integer">
    <value>
      $0
    </value>
  </const>
  <const name="HHACT_TAB_INDEX" type="Integer">
    <value>
      $1
    </value>
  </const>
  <const name="HHACT_TAB_SEARCH" type="Integer">
    <value>
      $2
    </value>
  </const>
  <const name="HHACT_TAB_HISTORY" type="Integer">
    <value>
      $3
    </value>
  </const>
  <const name="HHACT_TAB_FAVORITES" type="Integer">
    <value>
      $4
    </value>
  </const>
  <const name="HHACT_EXPAND" type="Integer">
    <value>
      $5
    </value>
  </const>
  <const name="HHACT_CONTRACT" type="Integer">
    <value>
      $6
    </value>
  </const>
  <const name="HHACT_BACK" type="Integer">
    <value>
      $7
    </value>
  </const>
  <const name="HHACT_FORWARD" type="Integer">
    <value>
      $8
    </value>
  </const>
  <const name="HHACT_STOP" type="Integer">
    <value>
      $9
    </value>
  </const>
  <const name="HHACT_REFRESH" type="Integer">
    <value>
      $A
    </value>
  </const>
  <const name="HHACT_HOME" type="Integer">
    <value>
      $B
    </value>
  </const>
  <const name="HHACT_SYNC" type="Integer">
    <value>
      $C
    </value>
  </const>
  <const name="HHACT_OPTIONS" type="Integer">
    <value>
      $D
    </value>
  </const>
  <const name="HHACT_PRINT" type="Integer">
    <value>
      $E
    </value>
  </const>
  <const name="HHACT_HIGHLIGHT" type="Integer">
    <value>
      $F
    </value>
  </const>
  <const name="HHACT_CUSTOMIZE" type="Integer">
    <value>
      $10
    </value>
  </const>
  <const name="HHACT_JUMP1" type="Integer">
    <value>
      $11
    </value>
  </const>
  <const name="HHACT_JUMP2" type="Integer">
    <value>
      $12
    </value>
  </const>
  <const name="HHACT_ZOOM" type="Integer">
    <value>
      $13
    </value>
  </const>
  <const name="HHACT_TOC_NEXT" type="Integer">
    <value>
      $14
    </value>
  </const>
  <const name="HHACT_TOC_PREV" type="Integer">
    <value>
      $15
    </value>
  </const>
  <const name="HHACT_NOTES" type="Integer">
    <value>
      $16
    </value>
  </const>
  <const name="HHACT_LAST_ENUM" type="Integer">
    <value>
      $17
    </value>
  </const>
  <pointer name="PHHNTrack" type="tagHHNTRACK" indircnt="1" />
  <struct name="tagHHNTRACK" packed="true">
    <field name="hdr" type="tagNMHDR" visibility="public" />
    <field name="pszCurUrl" type="PAnsiChar" visibility="public" />
    <field name="idAction" type="Integer" visibility="public" />
    <field name="phhWinType" type="PHHWinType" visibility="public" />
  </struct>
  <struct name="HHNTRACK" alias="tagHHNTRACK" namespace="hh" packed="true">
    <field name="hdr" type="tagNMHDR" visibility="public" />
    <field name="pszCurUrl" type="PAnsiChar" visibility="public" />
    <field name="idAction" type="Integer" visibility="public" />
    <field name="phhWinType" type="PHHWinType" visibility="public" />
  </struct>
  <struct name="THHNTrack" alias="tagHHNTRACK" namespace="hh" packed="true">
    <field name="hdr" type="tagNMHDR" visibility="public" />
    <field name="pszCurUrl" type="PAnsiChar" visibility="public" />
    <field name="idAction" type="Integer" visibility="public" />
    <field name="phhWinType" type="PHHWinType" visibility="public" />
  </struct>
  <const name="HH_GPROPID_SINGLETHREAD" type="Integer">
    <devnotes>
      ////////////////////////////////////////////////////////////////////////////
    </devnotes>
    <value>
      $1
    </value>
  </const>
  <const name="HH_GPROPID_TOOLBAR_MARGIN" type="Integer">
    <value>
      $2
    </value>
  </const>
  <const name="HH_GPROPID_UI_LANGUAGE" type="Integer">
    <value>
      $3
    </value>
  </const>
  <const name="HH_GPROPID_CURRENT_SUBSET" type="Integer">
    <value>
      $4
    </value>
  </const>
  <const name="HH_GPROPID_CONTENT_LANGUAGE" type="Integer">
    <value>
      $5
    </value>
  </const>
  <pointer name="PHHGlobalProperty" type="tagHH_GLOBAL_PROPERTY" indircnt="1">
    <devnotes>
      ////////////////////////////////////////////////////////////////////////////
    </devnotes>
  </pointer>
  <struct name="tagHH_GLOBAL_PROPERTY" packed="true">
    <field name="id" type="tagHH_GPROPID" visibility="public" />
    <field name="Dummy" type="Integer" visibility="public" />
    <field name="var_" type="Variant" visibility="public" />
  </struct>
  <struct name="HH_GLOBAL_PROPERTY" alias="tagHH_GLOBAL_PROPERTY" namespace="hh" packed="true">
    <field name="id" type="tagHH_GPROPID" visibility="public" />
    <field name="Dummy" type="Integer" visibility="public" />
    <field name="var_" type="Variant" visibility="public" />
  </struct>
  <struct name="THHGlobalProperty" alias="tagHH_GLOBAL_PROPERTY" namespace="hh" packed="true">
    <field name="id" type="tagHH_GPROPID" visibility="public" />
    <field name="Dummy" type="Integer" visibility="public" />
    <field name="var_" type="Variant" visibility="public" />
  </struct>
  <function name="GetPathToHHCtrlOCX" visibility="public">
    <parameters>
      <retval type="string" />
    </parameters>
  </function>
  <procedure name="LoadHtmlHelp" visibility="public">
  </procedure>
  <procedure name="UnloadHtmlHelp" visibility="public">
  </procedure>
</namespace>
