﻿<?xml version="1.0" encoding="utf-8"?>
<namespace name="hh_funcs">
  <const name="htHHAPI" type="THostType">
    <value>
      htHHAPI
    </value>
  </const>
  <const name="htKeyHHexe" type="THostType">
    <value>
      htKeyHHexe
    </value>
  </const>
  <const name="htHHexe" type="THostType">
    <value>
      htHHexe
    </value>
  </const>
  <enum name="THostType">
    <element name="htHHAPI" />
    <element name="htKeyHHexe" />
    <element name="htHHexe" />
  </enum>
  <const name="ptNone" type="TPrefixType">
    <value>
      ptNone
    </value>
  </const>
  <const name="ptIE3" type="TPrefixType">
    <value>
      ptIE3
    </value>
  </const>
  <const name="ptIE4" type="TPrefixType">
    <value>
      ptIE4
    </value>
  </const>
  <enum name="TPrefixType">
    <element name="ptNone" />
    <element name="ptIE3" />
    <element name="ptIE4" />
  </enum>
  <class name="THookHelpSystem">
    <ancestor name="TObject" namespace="System">
      <methodref name="Create" visibility="public">
      </methodref>
      <methodref name="Free" visibility="public">
      </methodref>
      <methodref name="InitInstance" visibility="public">
      </methodref>
      <methodref name="CleanupInstance" visibility="public">
      </methodref>
      <methodref name="ClassType" visibility="public">
      </methodref>
      <methodref name="ClassName" visibility="public">
      </methodref>
      <methodref name="ClassNameIs" visibility="public">
      </methodref>
      <methodref name="ClassParent" visibility="public">
      </methodref>
      <methodref name="ClassInfo" visibility="public">
      </methodref>
      <methodref name="InstanceSize" visibility="public">
      </methodref>
      <methodref name="InheritsFrom" visibility="public">
      </methodref>
      <methodref name="MethodAddress" visibility="public">
      </methodref>
      <methodref name="MethodName" visibility="public">
      </methodref>
      <methodref name="FieldAddress" visibility="public">
      </methodref>
      <methodref name="GetInterface" visibility="public">
      </methodref>
      <methodref name="GetInterfaceEntry" visibility="public">
      </methodref>
      <methodref name="GetInterfaceTable" visibility="public">
      </methodref>
      <methodref name="SafeCallException" visibility="public">
      </methodref>
      <methodref name="AfterConstruction" visibility="public">
      </methodref>
      <methodref name="BeforeDestruction" visibility="public">
      </methodref>
      <methodref name="Dispatch" visibility="public">
      </methodref>
      <methodref name="DefaultHandler" visibility="public">
      </methodref>
      <methodref name="NewInstance" visibility="public">
      </methodref>
      <methodref name="FreeInstance" visibility="public">
      </methodref>
      <methodref name="Destroy" visibility="public">
      </methodref>
    </ancestor>
    <members>
      <field name="FOldHelpEvent" type="THelpEvent" visibility="private" />
      <field name="FChmFile" type="string" visibility="private" />
      <field name="FWinDef" type="string" visibility="private" />
      <field name="FHostType" type="THostType" visibility="private" />
      <field name="FPopupXY" type="TPoint" visibility="private" />
      <function name="HelpHook" visibility="private">
        <parameters>
          <parameter name="Command" type="Word" />
          <parameter name="Data" type="Integer" />
          <parameter name="CallHelp" type="Boolean" paramflags="var" />
          <retval type="Boolean" />
        </parameters>
      </function>
      <field name="HelpCallback1" type="THelpProcCallback1" visibility="public" />
      <field name="HelpCallback2" type="THelpProcCallback2" visibility="public" />
      <constructor name="Create" visibility="public">
        <parameters>
          <parameter name="aDefChmFile" type="string" />
          <parameter name="aDefWinDef" type="string" />
          <parameter name="aHostType" type="THostType" />
        </parameters>
      </constructor>
      <destructor name="Destroy" visibility="public">
        <parameters>
        </parameters>
      </destructor>
      <function name="HelpContext" visibility="public">
        <parameters>
          <parameter name="aContextId" type="Cardinal" />
          <retval type="Integer" />
        </parameters>
      </function>
      <function name="HelpTopic" visibility="public">
        <parameters>
          <parameter name="aTopic" type="string" />
          <retval type="Integer" />
        </parameters>
      </function>
      <function name="HelpTopic2" visibility="public">
        <parameters>
          <parameter name="aChmFile" type="string" />
          <parameter name="aTopic" type="string" />
          <parameter name="aWinDef" type="string" />
          <retval type="Integer" />
        </parameters>
      </function>
      <function name="HelpTopic3" visibility="public">
        <parameters>
          <parameter name="aChmPath" type="string" />
          <retval type="Integer" />
        </parameters>
      </function>
      <property name="ChmFile" visibility="public" read="FChmFile" write="FChmFile" type="string" />
      <property name="WinDef" visibility="public" read="FWinDef" write="FWinDef" type="string" />
      <property name="HostType" visibility="public" read="FHostType" write="FHostType" type="THostType" />
    </members>
  </class>
  <variable name="_hhInstalled" type="Boolean" visibility="public" />
  <variable name="_hhVerStr" type="string" visibility="public" />
  <variable name="_hhMajVer" type="Word" visibility="public" />
  <variable name="_hhMinVer" type="Word" visibility="public" />
  <variable name="_hhBuildNo" type="Word" visibility="public" />
  <variable name="_hhSubBuildNo" type="Word" visibility="public" />
  <variable name="_hhFriendlyVerStr" type="string" visibility="public" />
  <variable name="_ieInstalled" type="Boolean" visibility="public" />
  <variable name="_ieVerStr" type="string" visibility="public" />
  <variable name="_ieFriendlyVerStr" type="string" visibility="public" />
  <variable name="_RunDir" type="string" visibility="public" />
  <variable name="_ModulePath" type="string" />
  <variable name="_ModuleDir" type="string" />
  <variable name="_ModuleName" type="string" />
  <variable name="_DebugMode" type="Boolean" visibility="public" />
  <const name="HOST_HHEXE" type="string">
    <value>
      HH.EXE
    </value>
  </const>
  <const name="HOST_KEYHHEXE" type="string">
    <value>
      KeyHH.EXE
    </value>
  </const>
  <const name="HH_PREFIX_IE4" type="string">
    <value>
      ms-its:
    </value>
  </const>
  <const name="HH_PREFIX_IE3" type="string">
    <value>
      mk:@MSITStore:
    </value>
  </const>
  <const name="HH_ERR_AllOK" type="Integer">
    <value>
      $0
    </value>
  </const>
  <const name="HH_ERR_HHNotInstalled" type="Integer">
    <value>
      $1
    </value>
  </const>
  <const name="HH_ERR_KeyHHexeNotFound" type="Integer">
    <value>
      $2
    </value>
  </const>
  <const name="HH_ERR_HHexeNotFound" type="Integer">
    <value>
      $3
    </value>
  </const>
  <const name="st_HH_ERR_HHNotInstalled" type="string" resourcestring="true">
    <value>
      MS Html Help is not installed on this PC.
    </value>
  </const>
  <const name="st_HH_ERR_KeyHHexeNotFound" type="string" resourcestring="true">
    <value>
      System file KeyHH.EXE was not found in the Windows folder.
    </value>
  </const>
  <const name="st_HH_ERR_HHexeNotFound" type="string" resourcestring="true">
    <value>
      System file HH.EXE was not found in the Windows folder.
    </value>
  </const>
  <const name="st_HH_ERR_Unknown" type="string" resourcestring="true">
    <value>
      Unknown error returned by HHHelpContext
    </value>
  </const>
  <const name="st_GLE_FileNotFound" type="string" resourcestring="true">
    <value>
      File Not Found
    </value>
  </const>
  <const name="st_GLE_PathNotFound" type="string" resourcestring="true">
    <value>
      Path Not Found
    </value>
  </const>
  <const name="st_GLE_AccessDenied" type="string" resourcestring="true">
    <value>
      Access Denied
    </value>
  </const>
  <const name="st_GLE_InsufficientMemory" type="string" resourcestring="true">
    <value>
      Insufficient Memory
    </value>
  </const>
  <const name="st_GLE_MediaIsWriteProtected" type="string" resourcestring="true">
    <value>
      Media Is Write Protected
    </value>
  </const>
  <const name="st_GLE_DeviceNotReady" type="string" resourcestring="true">
    <value>
      Device Not Ready
    </value>
  </const>
  <const name="st_GLE_FileInUse" type="string" resourcestring="true">
    <value>
      File In Use
    </value>
  </const>
  <const name="st_GLE_DiskFull" type="string" resourcestring="true">
    <value>
      Disk Full
    </value>
  </const>
  <const name="st_GLE_WindowsVersionIncorrect" type="string" resourcestring="true">
    <value>
      Windows Version Incorrect
    </value>
  </const>
  <const name="st_GLE_NotAWindowsOrMSDosProgram" type="string" resourcestring="true">
    <value>
      Not A Windows Or MSDos Program
    </value>
  </const>
  <const name="st_GLE_CorruptFileOrDisk" type="string" resourcestring="true">
    <value>
      Corrupt File Or Disk
    </value>
  </const>
  <const name="st_GLE_CorruptRegistry" type="string" resourcestring="true">
    <value>
      Corrupt Registry
    </value>
  </const>
  <const name="st_GLE_GeneralFailure" type="string" resourcestring="true">
    <value>
      General Failure
    </value>
  </const>
  <variable name="DBG_FILENAME" type="string" visibility="public" />
  <variable name="DBG_DIR" type="string" visibility="public" />
  <procedure name="HHShowError" visibility="public">
    <parameters>
      <parameter name="err" type="Integer" />
    </parameters>
  </procedure>
  <procedure name="HHCloseAll" visibility="public">
  </procedure>
  <function name="HHDisplayTopic" visibility="public">
    <parameters>
      <parameter name="aChmFile" type="string" />
      <parameter name="aTopic" type="string" />
      <parameter name="aWinDef" type="string" />
      <parameter name="aHostType" type="THostType" />
      <retval type="Integer" />
    </parameters>
  </function>
  <function name="HHTopic" visibility="public">
    <parameters>
      <parameter name="aCHMPath" type="string" />
      <parameter name="aHostType" type="THostType" />
      <retval type="Integer" />
    </parameters>
  </function>
  <function name="HHHelpContext" visibility="public">
    <parameters>
      <parameter name="aChmFile" type="string" />
      <parameter name="aContextID" type="Cardinal" />
      <parameter name="aWinDef" type="string" />
      <parameter name="aHostType" type="THostType" />
      <retval type="Integer" />
    </parameters>
  </function>
  <function name="HHContext" visibility="public">
    <parameters>
      <parameter name="aChmPath" type="string" />
      <parameter name="aContextId" type="Integer" />
      <parameter name="aHostType" type="THostType" />
      <retval type="Integer" />
    </parameters>
  </function>
  <function name="HHFormat" visibility="public">
    <parameters>
      <parameter name="aChmFile" type="string" />
      <parameter name="aTopic" type="string" />
      <parameter name="aWinDef" type="string" />
      <parameter name="aPrefixType" type="TPrefixType" />
      <retval type="string" />
    </parameters>
  </function>
  <procedure name="HHSlitCmdStr" visibility="public">
    <parameters>
      <parameter name="s" type="string" />
      <parameter name="aChmFile" type="string" paramflags="var" />
      <parameter name="aTopic" type="string" paramflags="var" />
      <parameter name="aWinDef" type="string" paramflags="var" />
    </parameters>
  </procedure>
  <procedure name="HHSplitCmdStr" visibility="public">
    <parameters>
      <parameter name="s" type="string" />
      <parameter name="aChmFile" type="string" paramflags="var" />
      <parameter name="aTopic" type="string" paramflags="var" />
      <parameter name="aWinDef" type="string" paramflags="var" />
    </parameters>
  </procedure>
  <procedure name="DosToUnix" visibility="public">
    <parameters>
      <parameter name="filename" type="string" paramflags="var" />
    </parameters>
  </procedure>
  <function name="StrPosC" visibility="public">
    <parameters>
      <parameter name="s" type="string" paramflags="const" />
      <parameter name="find" type="string" paramflags="const" />
      <retval type="Integer" />
    </parameters>
  </function>
  <function name="StrPosI" visibility="public">
    <parameters>
      <parameter name="s" type="string" paramflags="const" />
      <parameter name="find" type="string" paramflags="const" />
      <retval type="Integer" />
    </parameters>
  </function>
  <function name="StrRepC" visibility="public">
    <parameters>
      <parameter name="s" type="string" paramflags="var" />
      <parameter name="find" type="string" paramflags="const" />
      <parameter name="repl" type="string" paramflags="const" />
      <retval type="Integer" />
    </parameters>
  </function>
  <function name="StrRepI" visibility="public">
    <parameters>
      <parameter name="s" type="string" paramflags="var" />
      <parameter name="find" type="string" paramflags="const" />
      <parameter name="repl" type="string" paramflags="const" />
      <retval type="Integer" />
    </parameters>
  </function>
  <function name="StrRepIA" visibility="public">
    <parameters>
      <parameter name="s" type="string" paramflags="var" />
      <parameter name="find" type="string" paramflags="const" />
      <parameter name="repl" type="string" paramflags="const" />
      <retval type="Integer" />
    </parameters>
  </function>
  <function name="StrRepCA" visibility="public">
    <parameters>
      <parameter name="s" type="string" paramflags="var" />
      <parameter name="find" type="string" paramflags="const" />
      <parameter name="repl" type="string" paramflags="const" />
      <retval type="Integer" />
    </parameters>
  </function>
  <procedure name="StripL" visibility="public">
    <parameters>
      <parameter name="s" type="string" paramflags="var" />
      <parameter name="c" type="Char" />
    </parameters>
  </procedure>
  <procedure name="StripR" visibility="public">
    <parameters>
      <parameter name="s" type="string" paramflags="var" />
      <parameter name="c" type="Char" />
    </parameters>
  </procedure>
  <procedure name="StripLR" visibility="public">
    <parameters>
      <parameter name="s" type="string" paramflags="var" />
      <parameter name="c" type="Char" />
    </parameters>
  </procedure>
  <function name="MkStr" visibility="public">
    <parameters>
      <parameter name="c" type="Char" />
      <parameter name="count" type="Integer" />
      <retval type="string" />
    </parameters>
  </function>
  <function name="BoolToYN" visibility="public">
    <parameters>
      <parameter name="b" type="Boolean" />
      <retval type="string" />
    </parameters>
  </function>
  <function name="GetWinDir" visibility="public">
    <parameters>
      <retval type="string" />
    </parameters>
  </function>
  <function name="GetWinSysDir" visibility="public">
    <parameters>
      <retval type="string" />
    </parameters>
  </function>
  <function name="GetWinTempDir" visibility="public">
    <parameters>
      <retval type="string" />
    </parameters>
  </function>
  <function name="GetFileVer" visibility="public">
    <parameters>
      <parameter name="aFilename" type="string" />
      <parameter name="aV1" type="Word" paramflags="var" />
      <parameter name="aV2" type="Word" paramflags="var" />
      <parameter name="aV3" type="Word" paramflags="var" />
      <parameter name="aV4" type="Word" paramflags="var" />
      <retval type="string" />
    </parameters>
  </function>
  <function name="GetFileVerStr" visibility="public">
    <parameters>
      <parameter name="aFilename" type="string" />
      <retval type="string" />
    </parameters>
  </function>
  <function name="GetIEVer" visibility="public">
    <parameters>
      <parameter name="V1" type="Word" paramflags="var" />
      <parameter name="V2" type="Word" paramflags="var" />
      <parameter name="V3" type="Word" paramflags="var" />
      <parameter name="V4" type="Word" paramflags="var" />
      <retval type="string" />
    </parameters>
  </function>
  <function name="VerCompare" visibility="public">
    <parameters>
      <parameter name="va1" type="Word" />
      <parameter name="va2" type="Word" />
      <parameter name="va3" type="Word" />
      <parameter name="va4" type="Word" />
      <parameter name="vb1" type="Word" />
      <parameter name="vb2" type="Word" />
      <parameter name="vb3" type="Word" />
      <parameter name="vb4" type="Word" />
      <retval type="Integer" />
    </parameters>
  </function>
  <function name="GetHHFriendlyVer" visibility="public">
    <parameters>
      <retval type="string" />
    </parameters>
  </function>
  <function name="Check_IE_Version" visibility="public">
    <parameters>
      <parameter name="x1" type="Integer" />
      <parameter name="x2" type="Integer" />
      <parameter name="x3" type="Integer" />
      <parameter name="x4" type="Integer" />
      <retval type="Integer" />
    </parameters>
  </function>
  <function name="Check_WMP_Version" visibility="public">
    <parameters>
      <parameter name="x1" type="Integer" />
      <parameter name="x2" type="Integer" />
      <parameter name="x3" type="Integer" />
      <parameter name="x4" type="Integer" />
      <retval type="Integer" />
    </parameters>
  </function>
  <function name="GetIEFriendlyVer" visibility="public">
    <parameters>
      <retval type="string" />
    </parameters>
  </function>
  <function name="Check_HH_Version" visibility="public">
    <parameters>
      <parameter name="x1" type="Integer" />
      <parameter name="x2" type="Integer" />
      <parameter name="x3" type="Integer" />
      <parameter name="x4" type="Integer" />
      <retval type="Integer" />
    </parameters>
  </function>
  <function name="ShellExec" visibility="public">
    <parameters>
      <parameter name="aFilename" type="string" />
      <parameter name="aParams" type="string" />
      <retval type="Boolean" />
    </parameters>
  </function>
  <function name="GetLastErrorStr" visibility="public">
    <parameters>
      <retval type="string" />
    </parameters>
  </function>
  <function name="GetRegStr" visibility="public">
    <parameters>
      <parameter name="rootkey" type="HKEY" />
      <parameter name="key" type="string" paramflags="const" />
      <parameter name="dataName" type="string" paramflags="const" />
      <retval type="string" />
    </parameters>
  </function>
  <procedure name="PutRegStr" visibility="public">
    <parameters>
      <parameter name="rootkey" type="HKEY" />
      <parameter name="key" type="string" paramflags="const" />
      <parameter name="name" type="string" paramflags="const" />
      <parameter name="value" type="string" paramflags="const" />
    </parameters>
  </procedure>
  <function name="IsDirWritable" visibility="public">
    <parameters>
      <parameter name="aDir" type="string" />
      <retval type="Boolean" />
    </parameters>
  </function>
  <procedure name="DebugOut" visibility="public">
    <parameters>
      <parameter name="msgStr" type="string" />
      <parameter name="Args" paramflags="const">
        <array name="Args">
          <element type="TVarRec" />
        </array>
      </parameter>
    </parameters>
  </procedure>
  <procedure name="DebugOut2" visibility="public">
    <parameters>
      <parameter name="msgStr" type="string" />
      <parameter name="Args" paramflags="const">
        <array name="Args">
          <element type="TVarRec" />
        </array>
      </parameter>
    </parameters>
  </procedure>
  <procedure name="ShowDebugFile" visibility="public">
  </procedure>
  <procedure name="ResetDebugFile" visibility="public">
  </procedure>
  <procedure name="ReportError" visibility="public">
    <parameters>
      <parameter name="errStr" type="string" />
      <parameter name="Args" paramflags="const">
        <array name="Args">
          <element type="TVarRec" />
        </array>
      </parameter>
    </parameters>
  </procedure>
</namespace>
