{"prescriptionList": [
  {
    "refillStatus": "active",
    "refillSubmitDate": "Thu, 28 May 2015 00:00:00 EDT",
    "refillDate": "Sat, 30 May 2015 00:00:00 EDT",
    "refillRemaining": 5,
    "facilityName": "SLC4",
    "isRefillable": false,
    "isTrackable": true,
    "prescriptionId": 825128,
    "orderedDate": "Fri, 16 Jan 2015 00:00:00 EST",
    "quantity": 5,
    "expirationDate": "Sun, 17 Jan 2016 00:00:00 EST",
    "prescriptionNumber": "3635971",
    "prescriptionName": "CREON 10 CAP",
    "dispensedDate": "Mon, 25 May 2015 00:00:00 EDT",
    "stationNumber": "991"
  },
  {
    "refillStatus": "active",
    "refillSubmitDate": "Fri, 29 May 2015 00:00:00 EDT",
    "refillDate": "Sat, 30 May 2015 00:00:00 EDT",
    "refillRemaining": 5,
    "facilityName": "SLC4",
    "isRefillable": false,
    "isTrackable": true,
    "prescriptionId": 825129,
    "orderedDate": "Fri, 16 Jan 2015 00:00:00 EST",
    "quantity": 5,
    "expirationDate": "Sun, 17 Jan 2016 00:00:00 EST",
    "prescriptionNumber": "3635972",
    "prescriptionName": "SIROLIMUS 1MG TAB",
    "dispensedDate": "Mon, 25 May 2015 00:00:00 EDT",
    "stationNumber": "991"
  },
  {
    "refillStatus": "active",
    "refillSubmitDate": "Mon, 1 Jun 2015 00:00:00 EDT",
    "refillDate": "Sat, 30 May 2015 00:00:00 EDT",
    "refillRemaining": 5,
    "facilityName": "SLC4",
    "isRefillable": false,
    "isTrackable": true,
    "prescriptionId": 825130,
    "orderedDate": "Fri, 16 Jan 2015 00:00:00 EST",
    "quantity": 10,
    "expirationDate": "Sun, 17 Jan 2016 00:00:00 EST",
    "prescriptionNumber": "3635973",
    "prescriptionName": "TORSEMIDE 100MG TAB",
    "dispensedDate": "Mon, 25 May 2015 00:00:00 EDT",
    "stationNumber": "991"
  },
  {
    "refillStatus": "active",
    "refillSubmitDate": null,
    "refillDate": "Fri, 13 Feb 2015 00:00:00 EST",
    "refillRemaining": 11,
    "facilityName": "SLC4",
    "isRefillable": false,
    "isTrackable": false,
    "prescriptionId": 906652,
    "orderedDate": "Fri, 13 Feb 2015 00:00:00 EST",
    "quantity": 10,
    "expirationDate": "Sun, 14 Feb 2016 00:00:00 EST",
    "prescriptionNumber": "3636003",
    "prescriptionName": "TERAZOSIN HCL 10MG CAP",
    "dispensedDate": null,
    "stationNumber": "991"
  },
  {
    "refillStatus": "active",
    "refillSubmitDate": "Wed, 27 May 2015 00:00:00 EDT",
    "refillDate": "Mon, 25 May 2015 00:00:00 EDT",
    "refillRemaining": 6,
    "facilityName": "SLC4",
    "isRefillable": false,
    "isTrackable": true,
    "prescriptionId": 825131,
    "orderedDate": "Fri, 16 Jan 2015 00:00:00 EST",
    "quantity": 10,
    "expirationDate": "Sun, 17 Jan 2016 00:00:00 EST",
    "prescriptionNumber": "3635974",
    "prescriptionName": "MIRTAZAPINE 15MG TAB",
    "dispensedDate": "Mon, 25 May 2015 00:00:00 EDT",
    "stationNumber": "991"
  },
  {
    "refillStatus": "hold",
    "refillSubmitDate": "Wed, 18 Feb 2015 00:00:00 EST",
    "refillDate": "Tue, 17 Feb 2015 00:00:00 EST",
    "refillRemaining": 8,
    "facilityName": "SLC4",
    "isRefillable": false,
    "isTrackable": false,
    "prescriptionId": 825132,
    "orderedDate": "Fri, 16 Jan 2015 00:00:00 EST",
    "quantity": 10,
    "expirationDate": "Sun, 17 Jan 2016 00:00:00 EST",
    "prescriptionNumber": "3635975",
    "prescriptionName": "ETHOSUXIMIDE 250MG CAP",
    "dispensedDate": "Tue, 17 Feb 2015 00:00:00 EST",
    "stationNumber": "991"
  },
  {
    "refillStatus": "submitted",
    "refillSubmitDate": "Wed, 10 Jun 2015 00:00:00 EDT",
    "refillDate": "Mon, 25 May 2015 00:00:00 EDT",
    "refillRemaining": 9,
    "facilityName": "SLC4",
    "isRefillable": false,
    "isTrackable": false,
    "prescriptionId": 906653,
    "orderedDate": "Fri, 13 Feb 2015 00:00:00 EST",
    "quantity": 10,
    "expirationDate": "Sun, 14 Feb 2016 00:00:00 EST",
    "prescriptionNumber": "3636004",
    "prescriptionName": "IMIPRAMINE HCL 25MG TAB",
    "dispensedDate": null,
    "stationNumber": "991"
  },
  {
    "refillStatus": "active",
    "refillSubmitDate": "Thu, 14 May 2015 00:00:00 EDT",
    "refillDate": "Mon, 25 May 2015 00:00:00 EDT",
    "refillRemaining": 6,
    "facilityName": "DAYT3",
    "isRefillable": false,
    "isTrackable": true,
    "prescriptionId": 826939,
    "orderedDate": "Sat, 17 Jan 2015 00:00:00 EST",
    "quantity": 10,
    "expirationDate": "Mon, 18 Jan 2016 00:00:00 EST",
    "prescriptionNumber": "2719207",
    "prescriptionName": "CARBAMAZEPINE (TEGRETOL) 200MG TAB",
    "dispensedDate": "Mon, 25 May 2015 00:00:00 EDT",
    "stationNumber": "994"
  },
  {
    "refillStatus": "active",
    "refillSubmitDate": "Wed, 18 Feb 2015 00:00:00 EST",
    "refillDate": "Tue, 17 Feb 2015 00:00:00 EST",
    "refillRemaining": 8,
    "facilityName": "DAYT3",
    "isRefillable": false,
    "isTrackable": false,
    "prescriptionId": 826938,
    "orderedDate": "Sat, 17 Jan 2015 00:00:00 EST",
    "quantity": 10,
    "expirationDate": "Mon, 18 Jan 2016 00:00:00 EST",
    "prescriptionNumber": "2719206",
    "prescriptionName": "PAROXETINE HCL 30MG TAB",
    "dispensedDate": "Tue, 17 Feb 2015 00:00:00 EST",
    "stationNumber": "994"
  },
  {
    "refillStatus": "submitted",
    "refillSubmitDate": "Tue, 2 Jun 2015 00:00:00 EDT",
    "refillDate": "Mon, 25 May 2015 00:00:00 EDT",
    "refillRemaining": 6,
    "facilityName": "DAYT3",
    "isRefillable": false,
    "isTrackable": true,
    "prescriptionId": 826935,
    "orderedDate": "Sat, 17 Jan 2015 00:00:00 EST",
    "quantity": 10,
    "expirationDate": "Mon, 18 Jan 2016 00:00:00 EST",
    "prescriptionNumber": "2719203",
    "prescriptionName": "ACETAMINOPHEN 325MG TAB",
    "dispensedDate": "Mon, 25 May 2015 00:00:00 EDT",
    "stationNumber": "994"
  },
  {
    "refillStatus": "submitted",
    "refillSubmitDate": "Tue, 2 Jun 2015 00:00:00 EDT",
    "refillDate": "Mon, 25 May 2015 00:00:00 EDT",
    "refillRemaining": 6,
    "facilityName": "DAYT3",
    "isRefillable": false,
    "isTrackable": true,
    "prescriptionId": 826936,
    "orderedDate": "Sat, 17 Jan 2015 00:00:00 EST",
    "quantity": 10,
    "expirationDate": "Mon, 18 Jan 2016 00:00:00 EST",
    "prescriptionNumber": "2719204",
    "prescriptionName": "IBUPROFEN 400MG TAB",
    "dispensedDate": "Mon, 25 May 2015 00:00:00 EDT",
    "stationNumber": "994"
  },
  {
    "refillStatus": "submitted",
    "refillSubmitDate": "Tue, 2 Jun 2015 00:00:00 EDT",
    "refillDate": "Mon, 25 May 2015 00:00:00 EDT",
    "refillRemaining": 6,
    "facilityName": "DAYT3",
    "isRefillable": false,
    "isTrackable": true,
    "prescriptionId": 826937,
    "orderedDate": "Sat, 17 Jan 2015 00:00:00 EST",
    "quantity": 10,
    "expirationDate": "Mon, 18 Jan 2016 00:00:00 EST",
    "prescriptionNumber": "2719205",
    "prescriptionName": "ADEFOVIR DIPIVOXIL 10MG TAB",
    "dispensedDate": "Mon, 25 May 2015 00:00:00 EDT",
    "stationNumber": "994"
  }
]}
