<?xml version="1.0" encoding="UTF-8"?>
<wls:weblogic-web-app xmlns:wls="http://xmlns.oracle.com/weblogic/weblogic-web-app"
	xmlns:xsi="http://www.w3.org/2001/XMLSchema-instance"
	xsi:schemaLocation="http://xmlns.oracle.com/weblogic/weblogic-web-app http://xmlns.oracle.com/weblogic/weblogic-web-app/1.6/weblogic-web-app.xsd">
	<wls:weblogic-version>12.1.3</wls:weblogic-version>
	<wls:context-root>RxRefillServices</wls:context-root>
    <wls:container-descriptor>
        <wls:prefer-application-packages>
			<wls:package-name>org.apache.xerces.*</wls:package-name>
            <wls:package-name>com.sun.xml.messaging.saaj.*</wls:package-name>
        </wls:prefer-application-packages>
    </wls:container-descriptor>
	 <wls:library-ref>
       <wls:library-name>jax-rs</wls:library-name>
       <wls:specification-version>2.0</wls:specification-version>
    </wls:library-ref>
	<wls:session-descriptor>
		<wls:timeout-secs>1800</wls:timeout-secs>
		<wls:invalidation-interval-secs>60</wls:invalidation-interval-secs>
	</wls:session-descriptor>
</wls:weblogic-web-app>