<?xml version="1.0" encoding="utf-8" ?>
<build vssroot="$/" patch="118" ver="3.0">
	<config>
		<variables>
			<item name="user">HARRIS-HC-LAB\mstark99</item>
			<item name="pass">Bakunin123</item>
			<item name="HomeDir">C:\DEV\P118\</item>
			<item name="NetPublishResult">\\zzzzzzclu4\common$\builds\</item>
			<item name="Installshield">"c:\Program Files\InstallShield\2010\System\ISCmdBld.exe"</item>
			<item name="Repository">TFS</item>
			<item name="VSSDatabase">\\zzzzzzimgs15\GW_VSS$</item>
			<item name="VSSDatabase1">\\zzzzzzimm7\vss$</item>
			<item name="TfsCmd">C:\Program Files\Microsoft Visual Studio 10.0\Common7\IDE\tf.exe</item>
            <item name="VSSRoot">$/</item>
			<item name="TfsRoot">$/VistA_Imaging/</item>
			<item name="TfsWorkspace">build</item>
			<item name="ISMFile">C:\DEV\P118\Source\ISM\ImporterInstall.ism</item>
			<item name="ISMProj">$/VistAImaging/Version 3.0 Patch 118 - DICOM Importer II/Source/ISM/ImporterInstall.ism</item>
			<item name="Release">C:\DEV\P118\Release</item>
			<item name="log">C:\DEV\LOG\</item>
			<item name="locUtil">C:\DEV\Utilities</item>
			<item name="locWork">C:\DEV\P118\Work\</item>
			<item name="locDistrib">C:\DEV\P118\Distrib\</item>
			<item name="UtilRoot">$/Utilities/</item>
			<item name="TfsUtilRoot">$/VistA_Imaging/Configuration/NonVisaConfig</item>
		</variables>
		<folders descr="Basic folder setup, relative to HomeDir">
			<item relpath="HomeDir" delete="Y" publish="Y">DCMView</item>
			<item relpath="HomeDir" delete="Y" publish="N">DCMView\ICON</item>
			<item relapth="HomeDir" delete="Y" publish="Y">DOCS</item>
			<item relpath="HomeDir" delete="Y" publish="N">Source</item>
			<item relpath="HomeDir" delete="Y" publish="Y">Source\Compiled</item>
			<item relpath="HomeDir" delete="Y" publish="Y">Source\ImporterSolution</item>
			<item relpath="HomeDir" delete="Y" publish="Y">Source\ISM</item>
		</folders>
	</config>
	<patch descr="">
	    <item loc="tfs" type="proj" descr="Importer User Manual" relpath="HomeDir" target="DOCS" attrib="">LegacyVSS/Docs/VistAImaging/Documents - End User/Version 3.0/DICOM Importer II User Manual</item>
	    <item loc="tfs" type="proj" descr="P118 Importer Solution" relpath="HomeDir" target="Source" attrib="W">LegacyVss/GW/VistAImaging/Version 3.0 Patch 118 - DICOM Importer II/Source</item>
	    <item loc="tfs" type="proj" descr="DICOM Viewer" relpath="HomeDir" target="DCMView" attrib="W">LegacyVss/GW/VistAImaging/Version 3.0 Patch 118 - DICOM Importer II/DICOM Viewer/Distrib</item>
	    <item loc="tfs" type="proj" descr="DICOM Viewer" relpath="HomeDir" target="DCMView\ICON" attrib="W">LegacyVss/GW/Baseline/ICON</item>
	</patch>
	<compile>
	   <item type="C" compiler="msbld" relpath="HomeDir" source="Source\ImporterSolution" target="Source\Compiled" artifact="*.*" rename="">Importer</item>
	</compile>
	<execute>
		<item type="exec" descr="signtool">"C:\Program Files\Microsoft Visual Studio 8\SDK\v2.0\Bin\signtool.exe" sign /a C:\DEV\P118\Source\Compiled\ImagingShell.exe</item>
		<item type="exec" descr="">attrib -r C:\DEV\P118\Source\ISM\ImporterInstall.ism</item>
		<item type="installshield" descr="Create install exe" order="1">create</item>
	</execute>
</build>