﻿<?xml version="1.0" encoding="utf-8"?>
<log4net>
  <appender name="consoleAppender" type="log4net.Appender.ConsoleAppender">
    <target value="Console.Error" />
    <layout type="log4net.Layout.PatternLayout">
      <conversionPattern value="%date [%thread] %-5level %logger [%property{NDC}] - %message%newline" />
    </layout>
  </appender>
  <appender name="fileAppender" type="log4net.Appender.FileAppender">
    <file value="c:\data\temp\vwEncryptLogFile.txt" />
    <appendToFile value="true" />
    <layout type="log4net.Layout.PatternLayout">
      <conversionPattern value="%date [%thread] %-5level %logger [%property{NDC}] - %message%newline" />
    </layout>
  </appender>
  <appender name="adoNetAppender" type="log4net.Appender.AdoNetAppender">
    <bufferSize value="5" />
    <connectionType value="System.Data.SqlClient.SqlConnection, System.Data, Version=1.0.3300.0, Culture=neutral, PublicKeyToken=b77a5c561934e089" />
    <connectionString value="" />
    <commandText value="INSERT INTO Log4net1 ([Date],[Thread],[Level],[Logger],[Message],[Exception]) VALUES (@log_date, @thread, @log_level, @logger, @message, @exception)" />
    <parameter>
      <parameterName value="@log_date" />
      <dbType value="DateTime" />
      <layout type="log4net.Layout.RawTimeStampLayout" />
    </parameter>
    <parameter>
      <parameterName value="@thread" />
      <dbType value="String" />
      <size value="255" />
      <layout type="log4net.Layout.PatternLayout">
        <conversionPattern value="%thread" />
      </layout>
    </parameter>
    <parameter>
      <parameterName value="@log_level" />
      <dbType value="String" />
      <size value="50" />
      <layout type="log4net.Layout.PatternLayout">
        <conversionPattern value="%level" />
      </layout>
    </parameter>
    <parameter>
      <parameterName value="@logger" />
      <dbType value="String" />
      <size value="255" />
      <layout type="log4net.Layout.PatternLayout">
        <conversionPattern value="%logger" />
      </layout>
    </parameter>
    <parameter>
      <parameterName value="@message" />
      <dbType value="String" />
      <size value="4000" />
      <layout type="log4net.Layout.PatternLayout">
        <conversionPattern value="%message" />
      </layout>
    </parameter>
    <parameter>
      <parameterName value="@exception" />
      <dbType value="String" />
      <size value="2000" />
      <layout type="log4net.Layout.ExceptionLayout" />
    </parameter>
  </appender>
  <root>
    <level value="ERROR" />
    <!--appender-ref ref="adoNetAppender" /-->
    <appender-ref ref="adoNetAppender" />
  </root>
</log4net>