<!DOCTYPE project [
  <!ENTITY STANDARD-BUILD SYSTEM "../PHARMO_CT_build/standard-build.xml.fragment">
]>
<project name="PHARMO_CT_srv" basedir="../PHARMO_CT_srv" default="all" xmlns:ac="antlib:net.sf.antcontrib">

	<property name="project.name" value="CT_EJB" />
	<property name="project.extension" value=".jar" />
	<property name="src.dir" location="${basedir}/src" />
	<property name="build.dir" location="${basedir}/build" />
	<property name="dist.dir" location="${basedir}/dist" />
	

	<target name="make-dependencies" description="Creates the distribution archive of this project's dependency projects">
		<echo>*** Building ${project.name} project dependencies with target: ${targetMode} ***</echo>
		<ant antfile="${CT_BUILD.location}/PHARMO_CT_common_build.xml" inheritAll="false" target="${targetMode}"/>
		
		<copy todir="${lib.locals}" file="${CT_Common.location}/dist/ct_common.jar" overwrite="true"/>
	</target>

	
	<target name="build-test" depends="make-test-init" description="Compiles the source including test code source, with compiler debug parameters to distribution directory">
	  <antcall target="make-dependencies">
	    <param name="targetMode" value="dist-test"/>  
	  </antcall>
	  
	  <echo>*** Building test-version ${project.name}${project.extension} ***</echo>
	  <antcall target="make-common-build" />
	</target>


	<target name="dist-test" depends="test" description="Builds and creates testing distribution archive">
	  <antcall target="make-common-dist" />
	</target>

	
	<target name="dist" depends="build" description="Builds and creates production distribution archive">
		<antcall target="make-common-dist" />
	</target>
	
	
	<target name="make-common-dist" description="Builds source files and creates distribution archive">
    <copy todir="${build.dir}">
      <fileset dir="${src.dir}">
        <include name="**/*.xml" />
      </fileset>
    </copy>
    <copy todir="${build.dir}/META-INF">
      <fileset dir="${src.dir}/META-INF" includes="/*.xml">
      </fileset>
    </copy>
    <jar basedir="${build.dir}"
         destfile="${dist.dir}/${project.name}${project.extension}"
         manifest="${src.dir}/META-INF/MANIFEST.MF"
         duplicate="preserve"/>
	</target>
	
	
	<target name="clean" description="Deletes build and distribution directories">
	  <delete dir="${build.dir}" />
	  <delete dir="${dist.dir}" />
	</target>
	

	<target name="cleanall" depends="clean, cleanDependencies" description="Deletes this build, and dependency build directories">
	  <ant antfile="${CT_BUILD.location}/PHARMO_CT_common_build.xml" inheritAll="false" target="clean"/>
	</target>

	
	<target name="test" depends="build-test" description="Run unit tests">
	</target>

	
	&STANDARD-BUILD;
</project>
