<?xml version="1.0" encoding="iso-8859-1"?>
<DelphiCodeToDoc_Project>
  <TechnicalLevel>5</TechnicalLevel>
  <ClassName>TDOCOptions</ClassName>
  <TDOCOptions>
    <BoolsAsChecks>TRUE</BoolsAsChecks>
    <LaunchBrowser>FALSE</LaunchBrowser>
    <Name>MagKat</Name>
    <Title>Insert your project&apos;s title here</Title>
    <Summary>VistA Imaging MagKat Utility</Summary>
    <Description>
      <Count>1</Count>
      <Item0>Enter your project&apos;s multilines description</Item0>
    </Description>
    <Author>VistA Imaging</Author>
    <HTMLlink>http://dephicodetodoc.sf.net (Replace by your webpage for example)</HTMLlink>
    <Copyright>VistA Imaging</Copyright>
    <RecurseDirectory>TRUE</RecurseDirectory>
    <ConditionalDefines>
      <Count>3</Count>
      <Item0>MSWINDOWS</Item0>
      <Item1>WIN32</Item1>
      <Item2>DELPHI5_UP</Item2>
    </ConditionalDefines>
    <ParseImplementationSection>TRUE</ParseImplementationSection>
    <CustomHeader>UNDER CONSTRUCTION</CustomHeader>
    <CustomFooter>UNDER CONSTRUCTION</CustomFooter>
    <Language>lEnglish</Language>
    <OutputFormat>ofCHM</OutputFormat>
    <OutputFolder>C:\work\download\DelphiCodeToDoc_exe_v0.20b\out\</OutputFolder>
    <VisibilitySet>
      <mvPrivate>TRUE</mvPrivate>
      <mvProtected>TRUE</mvProtected>
      <mvPublic>TRUE</mvPublic>
      <mvPublished>TRUE</mvPublished>
      <mvAutomated>TRUE</mvAutomated>
    </VisibilitySet>
    <TagCommentSet>
      <tcINLINE>TRUE</tcINLINE>
      <tcJAVADOC>TRUE</tcJAVADOC>
      <tcJEDI>FALSE</tcJEDI>
      <tcXMLDoc>FALSE</tcXMLDoc>
    </TagCommentSet>
    <AlphaSort>TRUE</AlphaSort>
    <WarnEmptyTAG>TRUE</WarnEmptyTAG>
    <HideEmptyTAGSection>FALSE</HideEmptyTAGSection>
    <HideEmptyOutputBlock>TRUE</HideEmptyOutputBlock>
    <OutputFilteringCategory>
      <ocUnits>TRUE</ocUnits>
      <ocConstants>TRUE</ocConstants>
      <ocTypes>TRUE</ocTypes>
      <ocVariables>TRUE</ocVariables>
      <ocFunctions>TRUE</ocFunctions>
      <ocRecords>TRUE</ocRecords>
      <ocClasses>TRUE</ocClasses>
      <ocFields>TRUE</ocFields>
      <ocMethods>TRUE</ocMethods>
      <ocProperties>TRUE</ocProperties>
      <ocEvents>TRUE</ocEvents>
    </OutputFilteringCategory>
    <SkipFirstTAGLine>TRUE</SkipFirstTAGLine>
    <SkipLastTAGLine>TRUE</SkipLastTAGLine>
    <InLineJavaDocCharPrefix>47</InLineJavaDocCharPrefix>
    <CurlyJavaDocCharPrefix>42</CurlyJavaDocCharPrefix>
    <BracketStarJavaDocCharPrefix>42</BracketStarJavaDocCharPrefix>
    <FilesIncludeList>
      <Count>1</Count>
      <Item0>C:\dev\p83\tools\MagKat\MagKat.dpr</Item0>
    </FilesIncludeList>
    <FilesExcludeList>
      <Count>5</Count>
      <Item0>uMagCRC32.PAS</Item0>
      <Item1>cMagSecurity.pas</Item1>
      <Item2>fMagAbout.pas</Item2>
      <Item3>cMagListView.pas</Item3>
      <Item4>MagFileVersion.pas</Item4>
    </FilesExcludeList>
    <AllowHtmlInDescription>FALSE</AllowHtmlInDescription>
    <PropertyCommentFromAssessors>TRUE</PropertyCommentFromAssessors>
    <DisplayHiddenItems>TRUE</DisplayHiddenItems>
    <MethodCommentFromAncestor>TRUE</MethodCommentFromAncestor>
  </TDOCOptions>
</DelphiCodeToDoc_Project>
