<?xml version="1.0" encoding="UTF-8"?>
<Export generator="Cache" version="20" zv="Cache for UNIX (Linux AMD64/64-bit) 5.2.3 (Build 710)" ts="2010-09-13 21:49:57">
<Class name="xobw.RestRequest">
<Description>
This class is used to make REST-type requests to an external web service.</Description>
<ClassType/>
<ProcedureBlock>1</ProcedureBlock>
<Super>%Net.HttpRequest</Super>
<TimeCreated>60708,28613.320409</TimeCreated>

<UDLText name="T">
<Content><![CDATA[
// 1.0;HwscWebServiceClient;;September 13, 2010

]]></Content>
</UDLText>

<UDLText name="T">
<Content><![CDATA[
// HealtheVet Web Service Client v1 [Build: 1.0.0.031]

]]></Content>
</UDLText>

<Property name="restServiceContext">
<Description>
This property contains the main context root for the REST web service</Description>
<Type>%String</Type>
<Private>1</Private>
<Parameter name="TRUNCATE" value="1"/>
</Property>

<Method name="Get">
<FormalSpec>resource:%String,test:%Integer=0</FormalSpec>
<ReturnType>%Status</ReturnType>
<Implementation><![CDATA[	quit ##super(i%restServiceContext_resource, .test)
]]></Implementation>
</Method>

<Method name="Post">
<FormalSpec>resource:%String,test:%Integer=0</FormalSpec>
<ReturnType>%Status</ReturnType>
<Implementation><![CDATA[	quit ##super(i%restServiceContext_resource, .test)
]]></Implementation>
</Method>

<Method name="Put">
<FormalSpec>resource:%String,test:%Integer=0</FormalSpec>
<ReturnType>%Status</ReturnType>
<Implementation><![CDATA[	quit ##super(i%restServiceContext_resource, .test)
]]></Implementation>
</Method>

<Method name="Head">
<FormalSpec>resource:%String,test:%Integer=0</FormalSpec>
<ReturnType>%Status</ReturnType>
<Implementation><![CDATA[	quit ##super(i%restServiceContext_resource, .test)
]]></Implementation>
</Method>

<Method name="restServiceContextGet">
<Description><![CDATA[
This method retrieves the main context root for the REST web service (less the resource and query parameters).
<br><br><b>Restricted Use:</b> This method is for HWSC use only.]]></Description>
<ReturnType>%String</ReturnType>
<Implementation><![CDATA[	quit i%restServiceContext
]]></Implementation>
</Method>

<Method name="restServiceContextSet">
<Description><![CDATA[
This method sets the main context root for the REST web service (less the resource and query parameters).
<br><br><b>Restricted Use:</b> This method is for HWSC use only.]]></Description>
<FormalSpec>value:%String</FormalSpec>
<ReturnType>%Status</ReturnType>
<Implementation><![CDATA[
	set i%restServiceContext=$select($extract(value)="/":"",1:"/")_value
	quit $$$OK
]]></Implementation>
</Method>

<Storage name="StorageSQL">
<Type>%CacheSQLStorage</Type>
</Storage>
</Class>


<Class name="xobw.RestRequestFactory">
<Description><![CDATA[
This factory class contains methods to create REST service request instances [ <class>xobw.RestRequest</class> ].
<br><br>As part of the creation process, web server ip/port resolution is performed and
any security implementation, as defined by ISS, is executed. ]]></Description>
<ClassType/>
<ProcedureBlock>1</ProcedureBlock>
<Super>%RegisteredObject</Super>
<TimeCreated>60708,28613.600515</TimeCreated>

<UDLText name="T">
<Content><![CDATA[
// 1.0;HwscWebServiceClient;;September 13, 2010

]]></Content>
</UDLText>

<UDLText name="T">
<Content><![CDATA[
// HealtheVet Web Service Client v1 [Build: 1.0.0.031]

]]></Content>
</UDLText>

<Property name="webServiceMetadata">
<Type>WebServiceMetadata</Type>
<Private>1</Private>
</Property>

<Method name="%OnNew">
<FormalSpec>webServiceName:%String</FormalSpec>
<ReturnType>%Status</ReturnType>
<Implementation><![CDATA[
	set webServiceId=##class(xobw.WebServiceMetadata).getWebServiceId(webServiceName)
	if 'webServiceId {
	    do ##class(xobw.error.DialogError).forceError(186006_"^"_webServiceName)
	}
	set ..webServiceMetadata=##class(xobw.WebServiceMetadata).%OpenId(webServiceId)
	quit $$$OK
]]></Implementation>
</Method>

<Method name="createRestRequest">
<Description><![CDATA[
Creates REST request service instance for web server.
<ul>
Parameter:
	<li><parameter>webServiceName = name of service as it appears in NAME (#.01) field in an WEB SERVICE (#18.02) file entry</parameter>
</ul>]]></Description>
<FormalSpec>webServerName:%String</FormalSpec>
<ReturnType>xobw.RestRequest</ReturnType>
<Implementation><![CDATA[
	if ..webServiceMetadata.type'=2 {
	    do ##class(xobw.error.DialogError).forceError(186007)
	}
	set restRequest=##class(xobw.RestRequest).%New()
	 if restRequest'=$$$NULLOREF {
		 set restRequest.ReadRawMode=1 ;per InterSystems ticket# 736138
		 set webServerId=##class(xobw.WebServer).getWebServerId(webServerName)
		 if 'webServerId {
		    do ##class(xobw.error.DialogError).forceError(186005_"^"_webServerName)
		 }			 
		 set webServer=##class(xobw.WebServer).%OpenId(webServerId)
	 
		 // web server is disabled
		 if 'webServer.status {
			 do ##class(xobw.error.DialogError).forceError(186002_"^"_webServer.name)
		 }
		 
		 do ..setUpCredentials(webServer, restRequest)
		 do ..setUpServer(webServer, restRequest)
	 }
	quit $get(restRequest)
]]></Implementation>
</Method>

<Method name="setUpCredentials">
<FormalSpec>webServer:WebServer,restRequest:xobw.RestRequest</FormalSpec>
<Private>1</Private>
<Implementation><![CDATA[
	set authorizedWebServiceId=##class(xobw.WebServicesAuthorized).getAuthorizedWebServiceId(webServer,..webServiceMetadata)
	
	// web service is not authorized
	if 'authorizedWebServiceId {
		do ##class(xobw.error.DialogError).forceError(186003_"^"_..webServiceMetadata.name_"^"_webServer.name)
	}
	
	set authorizedWebService=##class(xobw.WebServicesAuthorized).%OpenId(authorizedWebServiceId)
	
	// web service is disabled
	if 'authorizedWebService.status {
		do ##class(xobw.error.DialogError).forceError(186004_"^"_..webServiceMetadata.name_"^"_webServer.name)
	}
	
	if webServer.loginRequired="1"!(webServer.loginRequired="") {
		set restRequest.Username=webServer.userName
		set restRequest.Password=webServer.getPassword()
	}
	quit
]]></Implementation>
</Method>

<Method name="setUpServer">
<FormalSpec>webServer:WebServer,restRequest:xobw.RestRequest</FormalSpec>
<Private>1</Private>
<Implementation><![CDATA[
	do webServer.setUpHttpRequest(restRequest)
	set restRequest.restServiceContext=..webServiceMetadata.contextRoot
	quit
]]></Implementation>
</Method>

<Method name="getRestRequest">
<Description><![CDATA[
Create REST service request
<ul>
Parameters:
	<li><parameter>webServiceName = name of service as it appears NAME (#.01) field in an WEB SERVICE (#18.02) file entry</parameter>
	<li><parameter>webServerName = name of server as it appears NAME (#.01) field in an WEB SERVER (#18.12) file entry</parameter>
</ul>
<br><b>Restricted Use:</b> This method is for HWSC use only. Applications should use the $$GETREST^XOBWLB(...) API]]></Description>
<ClassMethod>1</ClassMethod>
<FormalSpec>webServiceName:%String,webServerName:%String</FormalSpec>
<ReturnType>xobw.RestRequest</ReturnType>
<Implementation><![CDATA[
	set factory=##class(xobw.RestRequestFactory).%New(webServiceName)
	if factory'=$$$NULLOREF {
		set restRequest=factory.createRestRequest(webServerName)
	}
	quit $get(restRequest,$$$NULLOREF)
]]></Implementation>
</Method>

<Storage name="StorageSQL">
<Type>%CacheSQLStorage</Type>
</Storage>
</Class>


<Class name="xobw.VistaInfoHeader">
<Description><![CDATA[
This SOAP header class allows for the transmission of environment and Kernel variables as part of a SOAP message.
<br><br>
The following M/VistA environmental variable values are available using this SOAP header:
<ul>
	<li>mio - the M parition's $IO value
	<li>mjob - the M parition's $JOB value
	<li>duz - the VistA user's DUZ value
	<li>vpid - the VistA user's VPID value returned by...
	<example language=none>$$VPID^XUPS($GET(DUZ))</example>
	<li>station - VistA station number returned by...
	<example language=none>+$$STA^XUAF4($$KSP^XUPARAM("INST"))</example>
	<li>production - VistA production flag (0/1) returned by...
	<example language=none>$$PROD^XUPROD(0)</example>
</ul>
For an example of how this header is handled and how these values are used in an XFire web services framework,
reference the following Java source code in the sample web service provided with HWSC:
<ul>
	<li>gov.va.med.webservice.samples.VistaInfoHandler
	<li>gov.va.med.webservice.samples.TesterWebServiceImpl
</ul> 
<br><b>Restricted Use:</b> The properties and methods of this class are for HWSC use only.]]></Description>
<ClassType/>
<ProcedureBlock>1</ProcedureBlock>
<Super>%SOAP.Header</Super>
<TimeCreated>60655,58903.721545</TimeCreated>

<UDLText name="T">
<Content><![CDATA[
// 1.0;HwscWebServiceClient;;September 13, 2010

]]></Content>
</UDLText>

<UDLText name="T">
<Content><![CDATA[
// HealtheVet Web Service Client v1 [Build: 1.0.0.031]

]]></Content>
</UDLText>

<Parameter name="XMLNAME">
<Default>hdr:VistaInfoHeader</Default>
</Parameter>

<Parameter name="KEYNAME">
<Default>VistaInfoHeader</Default>
</Parameter>

<Property name="vistaInfo">
<Type>%String</Type>
<Collection>array</Collection>
<Parameter name="TRUNCATE" value="1"/>
<Parameter name="XMLKEYNAME" value="name"/>
<Parameter name="XMLNAME" value="hdr:vistaInfo"/>
</Property>

<Method name="attachHeader">
<ClassMethod>1</ClassMethod>
<FormalSpec>proxy:%SOAP.WebClient,infoArray:%Library.ArrayOfDataTypes</FormalSpec>
<Implementation><![CDATA[
	set hdr=##class(xobw.VistaInfoHeader).%New()
	set hdr.vistaInfo=infoArray
	
	// set hdr.mustUnderstand=1
	
	// attach header to client proxy instance
	do proxy.HeadersOut.SetAt(hdr,..#KEYNAME)
]]></Implementation>
</Method>

<Method name="detachHeader">
<ClassMethod>1</ClassMethod>
<FormalSpec>proxy:%SOAP.WebClient</FormalSpec>
<Implementation><![CDATA[
	// detach header from client proxy instance
	do proxy.HeadersOut.RemoveAt(..#KEYNAME)
]]></Implementation>
</Method>
</Class>


<Class name="xobw.WebServer">
<Description><![CDATA[
This persistent class contains web server connection information used to connect to server hosting web services
<br>
This class is mapped to the VA FileMan WEB SERVER (#18.12) file
<br><br>
<b>Restricted Use:</b> The properties and methods of this class are for HWSC use only.
  ]]></Description>
<ClassType>persistent</ClassType>
<ProcedureBlock>1</ProcedureBlock>
<SqlRowIdPrivate>1</SqlRowIdPrivate>
<SqlTableName>WebServer</SqlTableName>
<StorageStrategy>WebServerStorage</StorageStrategy>
<Super>%Persistent</Super>
<TimeCreated>60654,21265.065878</TimeCreated>

<UDLText name="T">
<Content><![CDATA[
// 1.0;HwscWebServiceClient;;September 13, 2010

]]></Content>
</UDLText>

<UDLText name="T">
<Content><![CDATA[
// HealtheVet Web Service Client v1 [Build: 1.0.0.031]

]]></Content>
</UDLText>

<Index name="ienIndex">
<IdKey>1</IdKey>
<PrimaryKey>1</PrimaryKey>
<Properties>ien</Properties>
<Unique>1</Unique>
</Index>

<Property name="server">
<Type>%String</Type>
<Parameter name="TRUNCATE" value="1"/>
</Property>

<Property name="port">
<Type>%Integer</Type>
<Collection/>
<Relationship>0</Relationship>
</Property>

<Property name="ien">
<Type>%String</Type>
<Collection/>
<Relationship>0</Relationship>
<Parameter name="TRUNCATE" value="1"/>
</Property>

<Property name="name">
<Type>%String</Type>
<Collection/>
<Relationship>0</Relationship>
<Parameter name="TRUNCATE" value="1"/>
</Property>

<Property name="production">
<Type>%Boolean</Type>
<Collection/>
<Relationship>0</Relationship>
<Transient>1</Transient>
</Property>

<UDLText name="T">
<Content><![CDATA[
// server credentials

]]></Content>
</UDLText>

<Property name="loginRequired">
<Type>%Boolean</Type>
<SqlFieldName>loginRequired</SqlFieldName>
</Property>

<Property name="password">
<Type>%String</Type>
<Private>1</Private>
<SqlFieldName>password</SqlFieldName>
<Parameter name="TRUNCATE" value="1"/>
</Property>

<Property name="userName">
<Type>%String</Type>
<SqlFieldName>userName</SqlFieldName>
<Parameter name="TRUNCATE" value="1"/>
</Property>

<Property name="defaultTimeout">
<Type>%Integer</Type>
<InitialExpression>30</InitialExpression>
<SqlFieldName>defaultTimeout</SqlFieldName>
<Parameter name="MAXVAL" value="7200"/>
<Parameter name="MINVAL" value="5"/>
</Property>

<Property name="sslEnabled">
<Type>%Boolean</Type>
<SqlFieldName>sslEnabled</SqlFieldName>
</Property>

<Property name="sslConfiguration">
<Type>%String</Type>
<SqlFieldName>sslConfiguration</SqlFieldName>
<Parameter name="TRUNCATE" value="1"/>
</Property>

<Property name="sslPort">
<Type>%String</Type>
<SqlFieldName>sslPort</SqlFieldName>
<Parameter name="TRUNCATE" value="1"/>
</Property>

<UDLText name="T">
<Content><![CDATA[
// for ISS use ------------------------

]]></Content>
</UDLText>

<Property name="authorizedWebServices">
<Type>xobw.WebServicesAuthorized</Type>
<Cardinality>children</Cardinality>
<Inverse>webServerRef</Inverse>
<Relationship>1</Relationship>
</Property>

<Property name="status">
<Type>%Boolean</Type>
<Collection/>
<Relationship>0</Relationship>
</Property>

<Method name="getPassword">
<ReturnType>%String</ReturnType>
<Implementation><![CDATA[	quit $$DECRYP^XOBWPWD(..password)
]]></Implementation>
</Method>

<Method name="checkWebServicesAvailability">
<FormalSpec>dots:%String</FormalSpec>
<ReturnType>%Library.ListOfDataTypes</ReturnType>
<Implementation><![CDATA[
	set key = ""
	set count=0
	set result=##class(%ListOfDataTypes).%New()
	
	// if server is disabled, stop
	if '..status {
		do result.Insert("")
		do result.Insert(" o  Web server is disabled")
		do result.Insert("")
		quit result
	}

	// loop thru web services credentials defined for server and build list output
	// mainly for ListMan consumption (AVAIL^XOBWUT1)
	do {
		set authorizedWebService = ..authorizedWebServices.GetNext(.key)
		if $get(dots) write "."
		set count=count+1
		if (authorizedWebService '= $$$NULLOREF) {
			set webService=##class(xobw.WebServiceMetadata).%OpenId(authorizedWebService.webServiceIen)
			if (authorizedWebService.status) {
				if ((webService.type=1) || (webService.type=2)) {
					if ##class(xobw.WebServiceMetadata).checkResourceAvailability(##this,authorizedWebService,webService,.httpStatusCode) {
						do result.Insert(count_"  "_webService.name_" is available")
					} else {
						do result.Insert(count_"  Unable to retrieve '"_webService.availResource_"' for "_webService.name)
						//
						// the following lines will report spurious %objlasterror errors.
						// supposed to be fixed in Cache 5.1+.
						// 
						if ($data(%objlasterror)'=0) {
							do $system.Status.DecomposeStatus(%objlasterror,.err)
							set x=$get(err(1),"  o  no reason available")
							set length=$length(x)
							do result.Insert("  o  "_$extract(x,1,70))
							set x=$extract(x,71,length)
							while (x'="") {
								do result.Insert("     "_$extract(x,1,70))
								set x=$extract(x,71,length)
							} // while
							// if there is a status code, show it
							if $get(httpStatusCode)]"" do result.Insert("  o  HTTP Response Status Code: "_httpStatusCode)
						} else {
							do result.Insert("  o  HTTP Response Status Code: "_$get(httpStatusCode,"<no status code available>"))
						} // %objlasterror	
					} // resource availability
				} else {
					do result.Insert(count_"  "_webService.name_" is not a valid web service type ["_webservice.type_"]")
				} // not valid type (rare and should not occur)
			} else {
				do result.Insert(count_"  "_webService.name_" is not enabled")
			} // authorizedWebService.status
		} // authorizedWebService
	} while (key '= "")
	quit result
]]></Implementation>
</Method>

<Method name="getWebServerId">
<ClassMethod>1</ClassMethod>
<FormalSpec>name:%String</FormalSpec>
<ReturnType>%String</ReturnType>
<Implementation><![CDATA[
	if $get(name)="" {
	    do ##class(xobw.error.DialogError).forceError(186005_"^<empty string>")
	}
	quit +$order(^XOB(18.12,"B",name,0))
]]></Implementation>
</Method>

<Method name="setUpHttpRequest">
<FormalSpec>httpRequest:%Net.HttpRequest</FormalSpec>
<Implementation><![CDATA[
	if (..sslEnabled && ('$$SSLOK^XOBWENV())) {
		do ##class(xobw.error.DialogError).forceError(186002_"^"_..name_" (SSL is disabled on VMS)")
	}
	if (..sslEnabled) {
		set httpRequest.Https=1
		set httpRequest.SSLConfiguration=..sslConfiguration
		set httpRequest.Port=..sslPort
	} else {
		set httpRequest.Port=..port
	}
	// common setting
	set httpRequest.Server=..server
	set httpRequest.Timeout=..defaultTimeout
	quit
]]></Implementation>
</Method>

<Method name="defaultTimeoutGet">
<ReturnType>%Integer</ReturnType>
<Implementation><![CDATA[	quit $select(i%defaultTimeout:i%defaultTimeout,1:30)
]]></Implementation>
</Method>

<Storage name="WebServerStorage">
<Type>%CacheSQLStorage</Type>
<StreamLocation>^xobw.WebServerS</StreamLocation>
<SQLMap name="MasterMap">
<Type>data</Type>
<Global>^XOB</Global>
<Subscript name="1">
<Expression>18.12</Expression>
</Subscript>
<Subscript name="2">
<Expression>{ien}</Expression>
<LoopInitValue>0</LoopInitValue>
<StopExpression>'+{L2}</StopExpression>
</Subscript>
<RowIdSpec name="1">
<Expression>{L2}</Expression>
<Field>ien</Field>
</RowIdSpec>
<Data name="defaultTimeout">
<Delimiter>"^"</Delimiter>
<Node>0</Node>
<Piece>7</Piece>
</Data>
<Data name="loginRequired">
<Delimiter>"^"</Delimiter>
<Node>1</Node>
<Piece>1</Piece>
</Data>
<Data name="name">
<Delimiter>"^"</Delimiter>
<Node>0</Node>
<Piece>1</Piece>
</Data>
<Data name="password">
<Node>300</Node>
</Data>
<Data name="port">
<Delimiter>"^"</Delimiter>
<Node>0</Node>
<Piece>3</Piece>
</Data>
<Data name="server">
<Delimiter>"^"</Delimiter>
<Node>0</Node>
<Piece>4</Piece>
</Data>
<Data name="sslConfiguration">
<Delimiter>"^"</Delimiter>
<Node>3</Node>
<Piece>2</Piece>
</Data>
<Data name="sslEnabled">
<Delimiter>"^"</Delimiter>
<Node>3</Node>
<Piece>1</Piece>
</Data>
<Data name="sslPort">
<Delimiter>"^"</Delimiter>
<Node>3</Node>
<Piece>3</Piece>
</Data>
<Data name="status">
<Delimiter>"^"</Delimiter>
<Node>0</Node>
<Piece>6</Piece>
</Data>
<Data name="userName">
<Node>200</Node>
</Data>
</SQLMap>
</Storage>
</Class>


<Class name="xobw.WebServiceMetadata">
<Description><![CDATA[
This persistent class contains metadata related to HealtheVet web service proxies.
<br>
This class is mapped to rhe VA FileMan WEB SERVICE (#18.02) file 
<br><br>
<b>Restricted Use:</b> The properties and methods of this class are for HWSC use only.
  ]]></Description>
<ClassType>persistent</ClassType>
<ProcedureBlock>1</ProcedureBlock>
<SqlRowIdPrivate>1</SqlRowIdPrivate>
<SqlTableName>WebServiceMetadata</SqlTableName>
<StorageStrategy>WebServiceMetadataStorage</StorageStrategy>
<Super>%Persistent,%XML.Adaptor</Super>
<TimeCreated>60655,58903.747104</TimeCreated>

<UDLText name="T">
<Content><![CDATA[
// 1.0;HwscWebServiceClient;;September 13, 2010

]]></Content>
</UDLText>

<UDLText name="T">
<Content><![CDATA[
// HealtheVet Web Service Client v1 [Build: 1.0.0.031]

]]></Content>
</UDLText>

<Property name="contextRoot">
<Type>%String</Type>
<SqlFieldName>contextRoot</SqlFieldName>
<Parameter name="TRUNCATE" value="1"/>
</Property>

<Property name="ien">
<Type>%String</Type>
<Required>1</Required>
<SqlFieldName>ien</SqlFieldName>
<Parameter name="TRUNCATE" value="1"/>
</Property>

<Property name="name">
<Type>%String</Type>
<Required>1</Required>
<SqlFieldName>name</SqlFieldName>
<Parameter name="TRUNCATE" value="1"/>
</Property>

<Property name="type">
<Type>%String</Type>
<Required>1</Required>
<SqlFieldName>type</SqlFieldName>
<Parameter name="TRUNCATE" value="1"/>
</Property>

<Property name="proxyClassName">
<Type>%String</Type>
<SqlFieldName>proxyClassName</SqlFieldName>
<Parameter name="TRUNCATE" value="1"/>
</Property>

<Property name="availResource">
<Type>%String</Type>
<SqlFieldName>availRoot</SqlFieldName>
<Parameter name="TRUNCATE" value="1"/>
</Property>

<Index name="ienIndex">
<IdKey>1</IdKey>
<PrimaryKey>1</PrimaryKey>
<Properties>ien</Properties>
<Unique>1</Unique>
</Index>

<Method name="checkResourceAvailability">
<ClassMethod>1</ClassMethod>
<FormalSpec><![CDATA[webServer:xobw.WebServer,authorizedWebService:xobw.WebServicesAuthorized,webService:xobw.WebServiceMetadata,&httpStatusCode:%String]]></FormalSpec>
<ReturnType>%String</ReturnType>
<Implementation><![CDATA[
	set httpRequest=##class(%Net.HttpRequest).%New()
	// are web server and web service enabled
	if ('webServer.status) quit $$$NULLOREF
	if ('authorizedWebService.status) quit $$$NULLOREF
	// set up http request
	do webServer.setUpHttpRequest(httpRequest)
	if webServer.loginRequired="1"!(webServer.loginRequired="") {
		set httpRequest.Username=webServer.userName
		set httpRequest.Password=webServer.getPassword()
	}
	// check resource availability.
	set status=httpRequest.Get(webService.contextRoot_webService.availResource)
	set httpStatusCode=httpRequest.HttpResponse.StatusCode
	if (httpStatusCode="200") {
		quit "1"
	} else {
		quit "0"
	}
]]></Implementation>
</Method>

<Method name="getWebServiceId">
<ClassMethod>1</ClassMethod>
<FormalSpec>name:%String</FormalSpec>
<ReturnType>%String</ReturnType>
<Implementation><![CDATA[
	if $get(name)="" {
	    do ##class(xobw.error.DialogError).forceError(186006_"^<empty string>")
	}
	quit +$order(^XOB(18.02,"B",name,0))
]]></Implementation>
</Method>

<Storage name="WebServiceMetadataStorage">
<Type>%CacheSQLStorage</Type>
<StreamLocation>^xobw.WebServiceMetadataS</StreamLocation>
<SQLMap name="MasterMap">
<Type>data</Type>
<ConditionalWithHostVars/>
<Global>^XOB</Global>
<Subscript name="1">
<Expression>18.02</Expression>
</Subscript>
<Subscript name="2">
<Expression>{ien}</Expression>
<LoopInitValue>0</LoopInitValue>
<StopExpression>'+{L2}</StopExpression>
</Subscript>
<RowIdSpec name="1">
<Expression>{L2}</Expression>
<Field>ien</Field>
</RowIdSpec>
<Data name="availRoot">
<Node>201</Node>
</Data>
<Data name="contextRoot">
<Node>200</Node>
</Data>
<Data name="name">
<Delimiter>"^"</Delimiter>
<Node>0</Node>
<Piece>1</Piece>
</Data>
<Data name="proxyClassName">
<Node>100</Node>
</Data>
<Data name="type">
<Delimiter>"^"</Delimiter>
<Node>0</Node>
<Piece>2</Piece>
</Data>
</SQLMap>
</Storage>
</Class>


<Class name="xobw.WebServiceProxyFactory">
<Description><![CDATA[
This factory class contains methods to create web service proxy instances.
<br><br>As part of the creation process, web server ip/port resolution is performed and
any security implementation, as defined by ISS, is executed. ]]></Description>
<ClassType/>
<ProcedureBlock>1</ProcedureBlock>
<Super>%RegisteredObject</Super>
<TimeCreated>60655,58903.754395</TimeCreated>

<UDLText name="T">
<Content><![CDATA[
// 1.0;HwscWebServiceClient;;September 13, 2010

]]></Content>
</UDLText>

<UDLText name="T">
<Content><![CDATA[
// HealtheVet Web Service Client v1 [Build: 1.0.0.031]

]]></Content>
</UDLText>

<Property name="webServiceMetadata">
<Type>WebServiceMetadata</Type>
<Private>1</Private>
</Property>

<Method name="%OnNew">
<FormalSpec>webServiceName:%String</FormalSpec>
<ReturnType>%Status</ReturnType>
<Implementation><![CDATA[
	set webServiceId=##class(xobw.WebServiceMetadata).getWebServiceId(webServiceName)
	if 'webServiceId {
	    do ##class(xobw.error.DialogError).forceError(186006_"^"_webServiceName)
	}
	set ..webServiceMetadata=##class(xobw.WebServiceMetadata).%OpenId(webServiceId)
	quit $$$OK
]]></Implementation>
</Method>

<Method name="getProxy">
<Description><![CDATA[
Creates web service client proxy for a web server.
<ul>
Parameter:
	<li><parameter>webServerName = name of server as it appears in NAME (#.01) field of a WEB SERVER (#18.12) file entry</parameter>
</ul>]]></Description>
<FormalSpec>webServerName:%String</FormalSpec>
<ReturnType>%SOAP.WebClient</ReturnType>
<Implementation><![CDATA[
	 // Future: Add any required headers to proxy when discovered, if any
	 new %proxy
	 if ..webServiceMetadata.type'=1 {
		    do ##class(xobw.error.DialogError).forceError(186007)
	 }
	 xecute "set %proxy=##class("_..webServiceMetadata.proxyClassName_").%New()"
	 if %proxy'=$$$NULLOREF {
		 set webServerId=##class(xobw.WebServer).getWebServerId(webServerName)
 		 if 'webServerId {
		    do ##class(xobw.error.DialogError).forceError(186005_"^"_webServerName)
		 }			 
		 set webServer=##class(xobw.WebServer).%OpenId(webServerId)
		 
		 // web server is disabled
		 if 'webServer.status {
			 do ##class(xobw.error.DialogError).forceError(186002_"^"_webServer.name)
		 }
		 
		 do ..setUpCredentials(webServer, %proxy)
		 do ..setUpLocation(webServer, %proxy)
	 }
	quit $get(%proxy)
]]></Implementation>
</Method>

<Method name="setUpCredentials">
<FormalSpec>webServer:WebServer,proxy:%SOAP.WebClient</FormalSpec>
<Private>1</Private>
<Implementation><![CDATA[
	set authorizedWebServiceId=##class(xobw.WebServicesAuthorized).getAuthorizedWebServiceId(webServer,..webServiceMetadata)
	
	// web service is not authorized
	if 'authorizedWebServiceId {
		do ##class(xobw.error.DialogError).forceError(186003_"^"_..webServiceMetadata.name_"^"_webServer.name)
	}
	
	set authorizedWebService=##class(xobw.WebServicesAuthorized).%OpenId(authorizedWebServiceId)
	
	// web service is disabled
	if 'authorizedWebService.status {
		do ##class(xobw.error.DialogError).forceError(186004_"^"_..webServiceMetadata.name_"^"_webServer.name)
	}
	
	if webServer.loginRequired="1"!(webServer.loginRequired="") {
		set proxy.HttpUsername=webServer.userName
		set proxy.HttpPassword=webServer.getPassword()
	}
	quit
]]></Implementation>
</Method>

<Method name="setUpLocation">
<FormalSpec>webServer:WebServer,proxy:%SOAP.WebClient</FormalSpec>
<Private>1</Private>
<Implementation><![CDATA[
	if (webServer.sslEnabled && ('$$SSLOK^XOBWENV())) {
		do ##class(xobw.error.DialogError).forceError(186002_"^"_webServer.name_" (SSL is disabled on VMS)")
	}
	if (webServer.sslEnabled) {
		set proxy.Location="https://"_webServer.server_":"_webServer.sslPort_"/"_..webServiceMetadata.contextRoot
		set proxy.SSLConfiguration = webServer.sslConfiguration
	} else {
		set proxy.Location="http://"_webServer.server_":"_webServer.port_"/"_..webServiceMetadata.contextRoot
	}
	set proxy.Timeout=webServer.defaultTimeout
	quit
]]></Implementation>
</Method>

<Method name="close">
<Description><![CDATA[
Close web service proxy factory
<br>
<br>Performs any close processing activities required.]]></Description>
<ReturnType>%Status</ReturnType>
<Implementation><![CDATA[	quit $$$OK
]]></Implementation>
</Method>

<Method name="getWebServiceProxy">
<Description><![CDATA[
Create web service proxy
<ul>
Parameters:
	<li><parameter>webServiceName = name of service as it appears NAME (#.01) field in an WEB SERVICE (#18.02) file entry</parameter>
	<li><parameter>webServerName = name of server as it appears NAME (#.01) field in an WEB SERVER (#18.12) file entry</parameter>
</ul>
<br><b>Restricted Use:</b> This method is for HWSC use only. Applications should use the $$GETPROXY^XOBWLB(...) API]]></Description>
<ClassMethod>1</ClassMethod>
<FormalSpec>webServiceName:%String,webServerName:%String</FormalSpec>
<ReturnType>%SOAP.WebClient</ReturnType>
<Implementation><![CDATA[
	set factory=##class(xobw.WebServiceProxyFactory).%New(webServiceName)
	if factory'=$$$NULLOREF {
		set proxy=factory.getProxy(webServerName)
		set ok=factory.close()
	}
	quit $get(proxy,$$$NULLOREF)
]]></Implementation>
</Method>
</Class>


<Class name="xobw.WebServicesAuthorized">
<Description><![CDATA[
This persistent class contains information indicating, for each web server, the web services that VistA
applications are authorized/allowed to access on each the web server.
<br><br>
This class is mapped to the VA FileMan WEB SERVER | AUTHORIZED WEB SERVICES (#18.121) sub-file 
<br><br>
<b>Restricted Use:</b> The properties and methods of this class are for HWSC use only.
  ]]></Description>
<ClassType>persistent</ClassType>
<ProcedureBlock>1</ProcedureBlock>
<SqlRowIdPrivate>1</SqlRowIdPrivate>
<SqlTableName>WebServicesAuthorized</SqlTableName>
<StorageStrategy>WebServicesAuthorizedStorage</StorageStrategy>
<Super>%Persistent,%XML.Adaptor</Super>
<TimeCreated>60654,21265.073659</TimeCreated>

<UDLText name="T">
<Content><![CDATA[
// 1.0;HwscWebServiceClient;;September 13, 2010

]]></Content>
</UDLText>

<UDLText name="T">
<Content><![CDATA[
// HealtheVet Web Service Client v1 [Build: 1.0.0.031]

]]></Content>
</UDLText>

<Index name="ienIndex">
<IdKey>1</IdKey>
<PrimaryKey>1</PrimaryKey>
<Properties>webServerRef,ien</Properties>
<Unique>1</Unique>
</Index>

<Property name="ien">
<Type>%String</Type>
<Collection/>
<Relationship>0</Relationship>
<SqlFieldName>ien</SqlFieldName>
<Parameter name="TRUNCATE" value="1"/>
</Property>

<Property name="status">
<Type>%Boolean</Type>
<Collection/>
<Relationship>0</Relationship>
<SqlFieldName>status</SqlFieldName>
</Property>

<Property name="webServerRef">
<Type>xobw.WebServer</Type>
<Cardinality>parent</Cardinality>
<Collection/>
<Inverse>authorizedWebServices</Inverse>
<Relationship>1</Relationship>
<SqlFieldName>webServerRef</SqlFieldName>
</Property>

<Property name="webServiceIen">
<Type>%String</Type>
<Collection/>
<Relationship>0</Relationship>
<SqlFieldName>webServiceIen</SqlFieldName>
<Parameter name="TRUNCATE" value="1"/>
</Property>

<Method name="getAuthorizedWebServiceId">
<ClassMethod>1</ClassMethod>
<FormalSpec>webServer:xobw.WebServer,webServiceMetadata:xobw.WebServiceMetadata</FormalSpec>
<ReturnType>%String</ReturnType>
<Implementation><![CDATA[
	set id=+$order(^XOB(18.12,webServer.ien,100,"B",webServiceMetadata.ien,""))
	if (id) {
		set id = webServer.ien_"||"_id
	}
	quit id
]]></Implementation>
</Method>

<Storage name="WebServicesAuthorizedStorage">
<Type>%CacheSQLStorage</Type>
<StreamLocation>^xobw.WebServerSerAD4S</StreamLocation>
<SQLMap name="MasterMap">
<Type>data</Type>
<Global>^XOB</Global>
<Subscript name="1">
<Expression>18.12</Expression>
</Subscript>
<Subscript name="2">
<Expression>{xobw.WebServer.ien}</Expression>
</Subscript>
<Subscript name="3">
<Expression>100</Expression>
</Subscript>
<Subscript name="4">
<Expression>{ien}</Expression>
<LoopInitValue>0</LoopInitValue>
<StopExpression>'+{L4}</StopExpression>
</Subscript>
<RowIdSpec name="1">
<Expression>{L2}</Expression>
<Field>xobw.WebServer.ien</Field>
</RowIdSpec>
<RowIdSpec name="2">
<Expression>{L4}</Expression>
<Field>ien</Field>
</RowIdSpec>
<Data name="status">
<Delimiter>"^"</Delimiter>
<Node>0</Node>
<Piece>6</Piece>
</Data>
<Data name="webServiceIen">
<Delimiter>"^"</Delimiter>
<Node>0</Node>
<Piece>1</Piece>
</Data>
</SQLMap>
</Storage>
</Class>


<Class name="xobw.WsdlHandler">
<Description><![CDATA[
This class is used to determine class name of web service client port and url context value of the web service.
<br><br>
<b>Restricted Use:</b> The properties and methods of this class are for HWSC use only. ]]></Description>
<ClassType/>
<ProcedureBlock>1</ProcedureBlock>
<Super>%RegisteredObject</Super>
<TimeCreated>60655,58903.759394</TimeCreated>

<UDLText name="T">
<Content><![CDATA[
// 1.0;HwscWebServiceClient;;September 13, 2010

]]></Content>
</UDLText>

<UDLText name="T">
<Content><![CDATA[
// HealtheVet Web Service Client v1 [Build: 1.0.0.031]

]]></Content>
</UDLText>

<Method name="parse">
<Description><![CDATA[
parses WSDL. 
<br><br><b>Restricted Use:</b> This method is for HWSC use only.]]></Description>
<ClassMethod>1</ClassMethod>
<FormalSpec>reader:%XML.TextReader</FormalSpec>
<ReturnType>%List</ReturnType>
<Implementation><![CDATA[
 set serviceFlag=0
 while ('reader.EOF && reader.Read()) {
	 set:((reader.NodeType = "endelement") && (reader.LocalName = "service")) serviceFlag=0
	 if ((reader.NodeType = "element") && (reader.LocalName = "service")) {
	 	set serviceFlag=1
	 	set:reader.MoveToAttributeName("name") serviceName=reader.Value
	 }
	 elseif (serviceFlag && (reader.NodeType="element") && (reader.LocalName="port")) {
	  set:reader.MoveToAttributeName("name") servicePort=reader.Value
	 }
	 elseif (serviceFlag && (reader.NodeType="element") && (reader.LocalName="address")) {
	 	set:reader.MoveToAttributeName("location") serviceUrl=$P(reader.Value,"/",4,999)
	 }
 }
 quit $listbuild(serviceName,servicePort,serviceUrl)
]]></Implementation>
</Method>

<Method name="getInfoFromFile">
<Description><![CDATA[
parses WSDL from a file. 
<br><br><b>Restricted Use:</b> This method is for HWSC use only.]]></Description>
<ClassMethod>1</ClassMethod>
<FormalSpec>wsdlFile:%String</FormalSpec>
<ReturnType>%List</ReturnType>
<Implementation><![CDATA[
	set status = ##class(%XML.TextReader).ParseFile(wsdlFile,.reader)
	if (reader '= $$$NULLOREF) {
 		quit ##class(xobw.WsdlHandler).parse(reader)
	} else {
		quit ""
	}
]]></Implementation>
</Method>

<Method name="getInfoFromStream">
<Description><![CDATA[
parses WSDL from a stream.
<br><br><b>Restricted Use:</b> This method is for HWSC use only.]]></Description>
<ClassMethod>1</ClassMethod>
<FormalSpec>wsdlStream:%Stream</FormalSpec>
<ReturnType>%List</ReturnType>
<Implementation><![CDATA[
	set status = ##class(%XML.TextReader).ParseStream(wsdlStream,.reader)
	if (reader '= $$$NULLOREF) {
 		quit ##class(xobw.WsdlHandler).parse(reader)
	} else {
		quit ""
	}
]]></Implementation>
</Method>

<Method name="getInfoFromString">
<Description><![CDATA[
parses WSDL from a string
<br><br><b>Restricted Use:</b> This method is for HWSC use only.]]></Description>
<ClassMethod>1</ClassMethod>
<FormalSpec>wsdlString:%String</FormalSpec>
<ReturnType>%List</ReturnType>
<Implementation><![CDATA[
	set status = ##class(%XML.TextReader).ParseString(wsdlString,.reader)
	if (reader '= $$$NULLOREF) {
 		quit ##class(xobw.WsdlHandler).parse(reader)
	} else {
		quit ""
	}
]]></Implementation>
</Method>
</Class>


<Class name="xobw.error.AbstractError">
<Description>
Abstract class extended by other error classes that are part of the HWSC error processing sub-system. </Description>
<Abstract>1</Abstract>
<ClassType/>
<ProcedureBlock>1</ProcedureBlock>
<Super>%Library.RegisteredObject</Super>
<TimeCreated>60708,28615.40254</TimeCreated>

<UDLText name="T">
<Content><![CDATA[
// 1.0;HwscWebServiceClient;;September 13, 2010

]]></Content>
</UDLText>

<UDLText name="T">
<Content><![CDATA[
// HealtheVet Web Service Client v1 [Build: 1.0.0.031]

]]></Content>
</UDLText>

<Property name="code">
<Description>
Code associated with the error</Description>
<Type>%String</Type>
<Parameter name="TRUNCATE" value="1"/>
</Property>

<Property name="errorType">
<Description>
Human readable name for the type of error</Description>
<Type>%String</Type>
<Parameter name="TRUNCATE" value="1"/>
</Property>

<Parameter name="ERRORTYPE">
<Description>
Error type constant</Description>
</Parameter>

<Property name="text">
<Description>
Human readable text that provides information about the error</Description>
<Type>%String</Type>
<Collection>list</Collection>
<Parameter name="TRUNCATE" value="1"/>
</Property>

<Method name="display">
<Description><![CDATA[
This method provides a simple display of the error using MUMPS WRITE commands.
<br><br>Information displayed:
<ul>
	<li>Class name
	<li>Properties:
	<ul>
		<li><property>code</property>
		<li><property>text</property>
	</ul>
</ul>]]></Description>
<Implementation><![CDATA[
	write !,"Error Class: ",..%ClassName(1)
	write !,"Error Code: ",..code
	write !,"Error Text: "
	set i=""
	for  set x=..text.GetNext(.i) quit:i=""  write !?5,x
]]></Implementation>
</Method>

<Method name="decompose">
<Description><![CDATA[
This method converts the error object properties into a traditional M array.
<br>Structure of ARRAY returned ByRef:
<example language=none>
	ARRAY("errorType") = type of error (BASIC, DIALOG)
	ARRAY("code") = error code
	ARRAY("text") = <error text row count>
	ARRAY("text",i..n) = <errot text>
</example> ]]></Description>
<FormalSpec><![CDATA[&error]]></FormalSpec>
<Implementation><![CDATA[
	set error("errorType")=..errorType
	set error("code")=..code
	set error("text")=..text.Count()
	set i=""
	for  set x=..text.GetNext(.i) quit:i=""  set error("text",i)=x
	quit $$$OK
]]></Implementation>
</Method>

<Storage name="StorageSQL">
<Type>%CacheSQLStorage</Type>
</Storage>
</Class>


<Class name="xobw.error.BasicError">
<Description>
Error class used by the HWSC error processing sub-system when a basic M/Cache error occurs.</Description>
<ClassType/>
<ProcedureBlock>1</ProcedureBlock>
<Super>xobw.error.AbstractError</Super>
<TimeCreated>60708,28615.636936</TimeCreated>

<UDLText name="T">
<Content><![CDATA[
// 1.0;HwscWebServiceClient;;September 13, 2010

]]></Content>
</UDLText>

<UDLText name="T">
<Content><![CDATA[
// HealtheVet Web Service Client v1 [Build: 1.0.0.031]

]]></Content>
</UDLText>

<Parameter name="ERRORTYPE">
<Description>
Error type constant</Description>
<Default>BASIC</Default>
</Parameter>

<Method name="%OnNew">
<FormalSpec>ecode:%String,zerror:%String</FormalSpec>
<ReturnType>%Status</ReturnType>
<Implementation><![CDATA[
	set ..errorType=..#ERRORTYPE
	set ..code=ecode
	set x=zerror
	for  do ..text.Insert($extract(x,1,70)) set x=$extract(x,71,9999) quit:x=""
	quit $$$OK
]]></Implementation>
</Method>

<Storage name="StorageSQL">
<Type>%CacheSQLStorage</Type>
</Storage>
</Class>


<Class name="xobw.error.DialogError">
<Description><![CDATA[
Class for errors associated with DIALOG file (#.84) entries and used by the HWSC error processing sub-system 
<br>
<br> The Kernel API EZBLD^DIALOG should be used to produce the 'text' property value and
<br> the ien of the DIALOIG file entry should be the 'code' property value.]]></Description>
<ClassType/>
<ProcedureBlock>1</ProcedureBlock>
<StorageStrategy>StorageSQL</StorageStrategy>
<Super>xobw.error.AbstractError</Super>
<TimeCreated>60708,28615.887083</TimeCreated>

<UDLText name="T">
<Content><![CDATA[
// 1.0;HwscWebServiceClient;;September 13, 2010

]]></Content>
</UDLText>

<UDLText name="T">
<Content><![CDATA[
// HealtheVet Web Service Client v1 [Build: 1.0.0.031]

]]></Content>
</UDLText>

<Parameter name="ERRORTYPE">
<Description>
Error type constant</Description>
<Default>DIALOG</Default>
</Parameter>

<Method name="forceError">
<Description><![CDATA[
Force an error to occur passing in DIALOG information to be used in $$EZBLD^DIALOG(...)<br>
<ul>
Parameter:
	<li><parameter>dialogInfo</parameter>
	<ul>
		<li>Piece #1: DIALOG IEN
		<li>Piece #2: Parameter #1 for EZBLD^DIALOG
		<li>Piece #3: Parameter #2 for EZBLD^DIALOG
		<li>Piece #n+1: Parameter #n for EZBLD^DIALOG
	</ul>
</ul>
<br><b>Restricted Use:</b> This method is currently for HWSC use only.]]></Description>
<ClassMethod>1</ClassMethod>
<FormalSpec>dialogInfo:%String</FormalSpec>
<Implementation><![CDATA[
	kill %XOBWERR,%objlasterror
	set %XOBWERR=dialogInfo
	set $ECODE=",UXOBW,"
]]></Implementation>
</Method>

<Method name="%OnNew">
<FormalSpec>dialogCode:%String,errorMessage:%String</FormalSpec>
<ReturnType>%Status</ReturnType>
<Implementation><![CDATA[
	set ..errorType=..#ERRORTYPE
	set ..code=dialogCode
	set x=errorMessage
	for  do ..text.Insert($extract(x,1,70)) set x=$extract(x,71,9999) quit:x=""
	quit $$$OK
]]></Implementation>
</Method>

<Storage name="StorageSQL">
<Type>%CacheSQLStorage</Type>
</Storage>
</Class>


<Class name="xobw.error.HttpError">
<Description>
Error class used by the HWSC error processing sub-system when an HTTP error occurs.</Description>
<ClassType/>
<ProcedureBlock>1</ProcedureBlock>
<StorageStrategy>StorageSQL</StorageStrategy>
<Super>xobw.error.AbstractError</Super>
<TimeCreated>60708,28616.121561</TimeCreated>

<UDLText name="T">
<Content><![CDATA[
// 1.0;HwscWebServiceClient;;September 13, 2010

]]></Content>
</UDLText>

<UDLText name="T">
<Content><![CDATA[
// HealtheVet Web Service Client v1 [Build: 1.0.0.031]

]]></Content>
</UDLText>

<Parameter name="ERRORTYPE">
<Description>
Error type constant</Description>
<Default>HTTP</Default>
</Parameter>

<Property name="statusLine">
<Description>
The HTTP status line. This is the first line of the response and signals if the request was sucessful or if there was a problem. </Description>
<Type>%String</Type>
<Parameter name="TRUNCATE" value="1"/>
</Property>

<Method name="%OnNew">
<FormalSpec>httpResponse:%Net.HttpResponse</FormalSpec>
<ReturnType>%Status</ReturnType>
<Implementation><![CDATA[
	set ..errorType=..#ERRORTYPE
	set ..code=httpResponse.StatusCode
	set ..statusLine=httpResponse.StatusLine
	set len=70
	for  set x=httpResponse.Data.Read(.len) quit:len=-1  do ..text.Insert(x)
	quit $$$OK
]]></Implementation>
</Method>

<Method name="display">
<Description><![CDATA[
This method provides a simple display of the error using MUMPS WRITE commands.
<br><br>Information displayed:
<ul>
	<li>Class name
	<li>Properties:
	<ul>
		<li>code
		<li><property>statusLine</property>
		<li>text
	</ul>
</ul>]]></Description>
<Implementation><![CDATA[
	write !,"           Error Class: ",..%ClassName(1)
	write !,"       HTTP Error Code: ",..code
	write !,"      HTTP Status Line: ",..statusLine
	write !,"Application Error Text: "
	set i=""
	for  set x=..text.GetNext(.i) quit:i=""  write !?5,x
]]></Implementation>
</Method>

<Method name="decompose">
<Description><![CDATA[
This method converts the HTTP error object properties into a traditional M array.
<br>Structure of ARRAY returned ByRef:
<example language=none>
	ARRAY("errorType") = type of error (HTTP)
	ARRAY("code") = error code
	ARRAY("statusLine") = error dcode
	ARRAY("text") = <error text row count>
	ARRAY("text",i..n) = <errot text>
</example> ]]></Description>
<FormalSpec><![CDATA[&error]]></FormalSpec>
<Implementation><![CDATA[
	set error("errorType")=..errorType
	set error("code")=..code
	set error("statusLine")=..statusLine
	set error("text")=..text.Count()
	set i=""
	for  set x=..text.GetNext(.i) quit:i=""  set error("text",i)=x
	quit $$$OK
]]></Implementation>
</Method>

<Storage name="StorageSQL">
<Type>%CacheSQLStorage</Type>
</Storage>
</Class>


<Class name="xobw.error.ObjectError">
<Description>
Error class used by the HWSC error processing sub-system when a CacheObject error occurs.</Description>
<ClassType/>
<ProcedureBlock>1</ProcedureBlock>
<Super>xobw.error.AbstractError</Super>
<TimeCreated>60708,28616.396991</TimeCreated>

<UDLText name="T">
<Content><![CDATA[
// 1.0;HwscWebServiceClient;;September 13, 2010

]]></Content>
</UDLText>

<UDLText name="T">
<Content><![CDATA[
// HealtheVet Web Service Client v1 [Build: 1.0.0.031]

]]></Content>
</UDLText>

<Property name="dcode">
<Type>%String</Type>
<Parameter name="TRUNCATE" value="1"/>
</Property>

<Property name="domain">
<Type>%String</Type>
<Parameter name="TRUNCATE" value="1"/>
</Property>

<Parameter name="ERRORTYPE">
<Description>
Error type constant</Description>
<Default>OBJECT</Default>
</Parameter>

<Method name="%OnNew">
<FormalSpec>statuscode:%Status</FormalSpec>
<ReturnType>%Status</ReturnType>
<Implementation><![CDATA[
	set ..errorType=..#ERRORTYPE
	do $system.Status.DecomposeStatus(statuscode,.err)
	set ..code=$GET(err(1,"code"),"<unknown>")
	set ..dcode=$GET(err(1,"dcode"),"<unknown>")
	set ..domain=$GET(err(1,"domain"),"<unknown>")
	set x=$get(err(1))
	for  do ..text.Insert($extract(x,1,70)) set x=$extract(x,71,9999) quit:x=""
	quit $$$OK
]]></Implementation>
</Method>

<Method name="display">
<Description><![CDATA[
This method provides a simple display of the error using MUMPS WRITE commands.
<br><br>Information displayed:
<ul>
	<li>Class name
	<li>Properties:
	<ul>
		<li>code
		<li><property>dcode</property>
		<li><property>domain</property>
		<li>text
	</ul>
</ul>]]></Description>
<Implementation><![CDATA[
	write !," Error Class: ",..%ClassName(1)
	write !,"  Error Code: ",..code
	write !," Error DCode: ",..dcode
	write !,"Error Domain: ",..domain
	write !,"  Error Text: "
	set I=""
	for  set X=..text.GetNext(.I) quit:I=""  write !?5,X
]]></Implementation>
</Method>

<Method name="decompose">
<Description><![CDATA[
This method converts the error object properties into a traditional M array.
<br>Structure of ARRAY returned ByRef:
<example language=none>
	ARRAY("errorType") = type of error (OBJECT)
	ARRAY("code") = error code
	ARRAY("dcode") = error dcode
	ARRAY("domain") = error domain
	ARRAY("text") = <error text row count>
	ARRAY("text",i..n) = <errot text>
</example> ]]></Description>
<FormalSpec><![CDATA[&error]]></FormalSpec>
<Implementation><![CDATA[
	set error("errorType")=..errorType
	set error("code")=..code
	set error("dcode")=..dcode
	set error("domain")=..domain
	set error("text")=..text.Count()
	set i=""
	for  set x=..text.GetNext(.i) quit:i=""  set error("text",i)=x
	quit $$$OK
]]></Implementation>
</Method>

<Storage name="StorageSQL">
<Type>%CacheSQLStorage</Type>
</Storage>
</Class>


<Class name="xobw.error.SoapError">
<Description>
Error class used by the HWSC error processing sub-system when a SOAP fault is returned.</Description>
<ClassType/>
<ProcedureBlock>1</ProcedureBlock>
<Super>xobw.error.AbstractError</Super>
<TimeCreated>60708,28616.612984</TimeCreated>

<UDLText name="T">
<Content><![CDATA[
// 1.0;HwscWebServiceClient;;September 13, 2010

]]></Content>
</UDLText>

<UDLText name="T">
<Content><![CDATA[
// HealtheVet Web Service Client v1 [Build: 1.0.0.031]

]]></Content>
</UDLText>

<Property name="soapFault">
<Description>
SOAP fault object instance returned by a web method call</Description>
<Type>%SOAP.Fault</Type>
</Property>

<Parameter name="ERRORTYPE">
<Description>
Error type constant</Description>
<Default>SOAP</Default>
</Parameter>

<Property name="soapFaultType">
<Description><![CDATA[
Type of SOAP fault returned by web method call<br>
Possible types:
<ul>
	<li>Server
	<li>Client
	<li>Must Understand
	<li>Version Mismatch
	<li>Unknown
</ul>]]></Description>
<Type>%String</Type>
<Calculated>1</Calculated>
<Parameter name="TRUNCATE" value="1"/>
</Property>

<UDLText name="T">
<Content><![CDATA[
//store soap fault, set other associated properties

]]></Content>
</UDLText>

<Method name="%OnNew">
<FormalSpec>fault:%SOAP.Fault</FormalSpec>
<ReturnType>%Status</ReturnType>
<Implementation><![CDATA[
	set ..errorType=..#ERRORTYPE
	set ..code="" ; normally this holds the Cache Object error code but this is a SOAP fault
	set i%soapFault=fault
	set x=fault.faultstring
	for  do ..text.Insert($extract(x,1,70)) set x=$extract(x,71,9999) quit:x=""
	quit $$$OK
]]></Implementation>
</Method>

<Method name="soapFaultGet">
<ReturnType>%SOAP.Fault</ReturnType>
<Implementation><![CDATA[	quit i%soapFault
]]></Implementation>
</Method>

<Method name="soapFaultTypeGet">
<ReturnType>%String</ReturnType>
<Implementation><![CDATA[	quit $select(..isFaultServer():"Server",..isFaultClient():"Client",..isFaultVersionMismatch():"Version Mismatch",..isFaultMustUnderstand():"Must Understand",1:"Unknown")
]]></Implementation>
</Method>

<Method name="display">
<Description><![CDATA[
This method provides a simple display of the error using MUMPS WRITE commands.
<br><br>Information displayed:
<ul>
	<li>Class name
	<li>Properties:
	<ul>
		<li><property>soapFaultType</property>
		<li><property>soapFault</property>.faultactor
		<li><property>soapFault</property>.faultcode
		<li><property>soapFault</property>.faultstring
		<li><property>soapFault</property>.detail
	</ul>
</ul>]]></Description>
<Implementation><![CDATA[
 #include %soap
 write !,"      Error Class: ",..soapFault.%ClassName(1)
 write !,"  SOAP Fault Type: ",..soapFaultType
 write !," SOAP Fault Actor: ",..soapFault.faultactor
 write !,"  SOAP Fault Code: ",..soapFault.faultcode
 write !,"SOAP Fault String: ",..soapFault.faultstring
 write !,"SOAP Fault Detail: ",..soapFault.detail
]]></Implementation>
</Method>

<Method name="decompose">
<Description><![CDATA[
This method converts the error object properties into a traditional M array.
<br>Structure of ARRAY returned ByRef:
<example language=none>
	ARRAY("errorType") = type of error (SOAP)
	ARRAY("soapFaultType") = SOAP Fault Type
	ARRAY("faultactor") = SOAP fault actor
	ARRAY("faultcode") = SOAP fault code
	ARRAY("faultstring") = SOAP fault string
	ARRAY("detail") = SOAP fault detail
	ARRAY("text") = <error text row count>
	ARRAY("text",i..n) = <error text>
</example> ]]></Description>
<FormalSpec><![CDATA[&error]]></FormalSpec>
<Implementation><![CDATA[
	set error("errorType")=..errorType
	set error("soapFaultType")=..soapFaultType
	set error("faultactor")=..soapFault.faultactor
	set error("faultcode")=..soapFault.faultcode
	set error("faultstring")=..soapFault.faultstring
	set error("detail")=..soapFault.detail
	set error("text")=..text.Count()
	set i=""
	for  set x=..text.GetNext(.i) quit:i=""  set error("text",i)=x
	quit $$$OK
]]></Implementation>
</Method>

<Method name="isFaultServer">
<Description>
Indicates if fault was produced when server side error occurred</Description>
<ReturnType>%String</ReturnType>
<Implementation><![CDATA[
	#include %soap
	quit ($P(..soapFault.faultcode,":",2)=$P($$$FAULTServer,":",2))
]]></Implementation>
</Method>

<Method name="isFaultClient">
<Description>
Indicates if fault was produced when the client made an incorrect/incomplete request </Description>
<ReturnType>%String</ReturnType>
<Implementation><![CDATA[
	#include %soap
	quit ($P(..soapFault.faultcode,":",2)=$P($$$FAULTClient,":",2))
]]></Implementation>
</Method>

<Method name="isFaultMustUnderstand">
<Description>
Indicates if fault was produced when a header was not handled by server when the 'MustUnderstand'
attribute was set to 'true' </Description>
<ReturnType>%String</ReturnType>
<Implementation><![CDATA[
	#include %soap
	quit ($P(..soapFault.faultcode,":",2)=$P($$$FAULTMustUnderstand,":",2))
]]></Implementation>
</Method>

<Method name="isFaultVersionMismatch">
<Description>
Indicates if fault was produced when the SOAP versions between client and server were incompatible</Description>
<ReturnType>%String</ReturnType>
<Implementation><![CDATA[
	#include %soap
	quit ($P(..soapFault.faultcode,":",2)=$P($$$FAULTVersionMismatch,":",2))
]]></Implementation>
</Method>
</Class>
</Export>
